DotGov Registry,,--,OMB-Modified,,
Agency,Bureau,--,Agency,Bureau,Subcomponent
Administrative Conference of the United States,Administrative Conference of the United States,--,Administrative Conference of the United States    ,,
Administrative Office of the U.S. Courts,Administrative Office U.S. Courts,--,Administrative Office of the United States Courts    ,,
Administrative Office of the U.S. Courts,Defender Services Office,--,,,
Administrative Office of the U.S. Courts,Federal Judicial Center,--,Federal Judicial Center    ,,
Administrative Office of the U.S. Courts,U.S. Courts,--,,,
Administrative Office of the U.S. Courts,United States Sentencing Commission,--,United States Sentencing Commission    ,,
Administrative Office of the U.S. Courts,United States Tax Court,--,United States Tax Court    ,,
Administrative Office of the U.S. Courts,US Court of Appeals for Veterans Claims,--,United States Court of Appeals for Veterans Claims    ,,
Advisory Council on Historic Preservation,Advisory Council on Historic Preservation,--,Advisory Council on Historic Preservation    ,,
American Battle Monuments Commission,American Battle Monuments Commission,--,American Battle Monuments Commission    ,,
AMTRAK,Office of Inspector General,--,National Railroad Passenger Corporation Office of Inspector General,,
Appalachian Regional Commission,Appalachian Regional Commission,--,Appalachian Regional Commission    ,,
Appraisal Subcommittee of the Federal Financial Institutions Examination Council,Appraisal Subcommittee,--,Federal Financial Institutions Examination Council Appraisal Subcommittee,,
Architect of the Capitol,Architect of the Capitol,--,Architect of the Capitol    ,,
Armed Forces Retirement Home,Armed Forces Retirement Home,--,"Armed Forces Retirement Home    , ",,
Barry Goldwater Scholarship and Excellence in Education Foundation,Barry Goldwater Scholarship and Excellence in Education Foundation,--,Barry Goldwater Scholarship and Excellence in Education Foundation,,
Central Intelligence Agency,Central Intelligence Agency,--,Central Intelligence Agency    ,,
Central Intelligence Agency,CIA\GCS OSEG,--,Central Intelligence Agency    ,,
Central Intelligence Agency,DNI Open Source Center,--,Central Intelligence Agency    ,,
Civil Rights Cold Case Records Review Board,Civil Rights Cold Case Records Review Board,--,Civil Rights Cold Case Records Review Board    ,,
Commodity Futures Trading Commission,Commodity Futures Trading Commission,--,Commodity Futures Trading Commission    ,,
Congressional Budget Office,Congressional Budget Office,--,Congressional Budget Office    ,,
Consumer Financial Protection Bureau,Consumer Financial Protection Bureau,--,Bureau of Consumer Financial Protection    ,,
Consumer Product Safety Commission,Consumer Product Safety Commission,--,Consumer Product Safety Commission    ,,
Corporation for National and Community Service,AmeriCorps,--,Corporation for National and Community Service    ,,
Corporation for National and Community Service,AmeriCorps Office of Inspector General,--,Corporation for National and Community Service    ,,
Corporation for National and Community Service,"Corporation for National and Community Service, Office Of Inspector General,",--,Corporation for National and Community Service    ,,
Council of the Inspectors General on Integrity and Efficiency,Council of the Inspectors General on Integrity and Efficiency,--,Council of the Inspectors General on Integrity and Efficiency    ,,
Court Services and Offender Supervision Agency,Court Services and Offender Supervision Agency,--,Court Services and Offender Supervision Agency for the District of Columbia,,
Court Services and Offender Supervision Agency,Office of information Technology,--,Court Services and Offender Supervision Agency for the District of Columbia,,
Court Services and Offender Supervision Agency,Pretrial Services Agency for the District of Columbia,--,Court Services and Offender Supervision Agency for the District of Columbia,,
Cyberspace Solarium Commission,Cyberspace Solarium Commission,--,,,
Defense Nuclear Facilities Safety Board,Defense Nuclear Facilities Safety Board,--,Defense Nuclear Facilities Safety Board    ,,
Delta Regional Authority,Delta Regional Authority,--,Delta Regional Authority    ,,
Denali Commission,Denali Commission,--,Denali Commission    ,,
Department of Commerce,Bureau of Economic Analysis,--,Department of Commerce,Bureau of Economic Analysis    ,
Department of Commerce,Bureau of Industry and Security,--,Department of Commerce,Bureau of Industry and Security    ,
Department of Commerce,Census Bureau,--,Department of Commerce,Bureau of the Census    ,
Department of Commerce,Department of Commerce,--,Department of Commerce,Department of Commerce    ,
Department of Commerce,Economic Development Administration,--,Department of Commerce,Economic Development Administration    ,
Department of Commerce,International Trade Administration,--,Department of Commerce,International Trade Administration    ,
Department of Commerce,Minority Business Development Agency,--,Department of Commerce,Minority Business Development Agency    ,
Department of Commerce,NASA GSFC,--,,,
Department of Commerce,National Executive Committee for Space-Based PNT,--,,,
Department of Commerce,National Institute of Standards and Technology,--,Department of Commerce,National Institute of Standards and Technology    ,
Department of Commerce,National Oceanic and Atmospheric Administration,--,Department of Commerce,National Oceanic and Atmospheric Administration    ,
Department of Commerce,National Oceanic and Atmospheric Administration Office of the Federal Coordinator for Meteorology,--,Department of Commerce,National Oceanic and Atmospheric Administration    ,
Department of Commerce,National Science and Technology Council,--,,,
Department of Commerce,National Technical Information Service,--,Department of Commerce,National Technical Information Service    ,
Department of Commerce,National Telecommunications and Information Administration,--,Department of Commerce,National Telecommunications and Information Administration    ,
Department of Commerce,National Weather Service,--,Department of Commerce,National Oceanic and Atmospheric Administration    ,
Department of Commerce,NOAA Climate Program Office,--,Department of Commerce,National Oceanic and Atmospheric Administration    ,
Department of Commerce,NOAA Coastal Services Center,--,Department of Commerce,National Oceanic and Atmospheric Administration    ,
Department of Commerce,NOAA Fisheries,--,Department of Commerce,National Oceanic and Atmospheric Administration    ,
Department of Commerce,NOAA/National Hurricane Center,--,Department of Commerce,National Oceanic and Atmospheric Administration    ,
Department of Commerce,NOAA/NCDC,--,Department of Commerce,National Oceanic and Atmospheric Administration    ,
Department of Commerce,NOAA/Space Weather Prediction Center,--,Department of Commerce,National Oceanic and Atmospheric Administration    ,
Department of Commerce,NWS/OPS33,--,Department of Commerce,National Oceanic and Atmospheric Administration    ,
Department of Commerce,Office of the Chief Information Officer,--,,,
Department of Commerce,Office of the Federal Coordinator for Meteorolgy,--,,,
Department of Commerce,Space Environment Center W/NP9,--,,,
Department of Commerce,TCD / BIS / Dept of Commerce,--,,,
Department of Commerce,U. S. National Ice Center,--,,,
Department of Commerce,USPTO,--,Department of Commerce,U.S. Patent and Trademark Office    ,
Department of Commerce,West Coast & Alaska Tsunami Warning Center,--,,,
Department of Defense,Advanced Distributed Learning Initiative,--,,,
Department of Defense,AFTAC/LSCSS,--,,,
Department of Defense,Air Force Technical Applications Center,--,,,
Department of Defense,Civil Air Patrol HQ,--,,,
Department of Defense,CNSS Secretariat,--,,,
Department of Defense,Defense Counterintelligence and Security Agency,--,,,
Department of Defense,Defense Cyber Crime Center,--,,,
Department of Defense,Defense Finance and Accounting Service,--,,,
Department of Defense,Defense Logistics Agency,--,,,
Department of Defense,Defense Media Activity,--,,,
Department of Defense,Department of Defense,--,Department of Defense,Defense-wide,
Department of Defense,Department of Defense Office of Inspector General,--,,,
Department of Defense,Federal Electronic Health Record Modernization,--,,,
Department of Defense,Federal Voting Assistance Program,--,,,
Department of Defense,FEHRM,--,,,
Department of Defense,Interagency OPSEC Support Staff,--,,,
Department of Defense,Interagency Training Center,--,,,
Department of Defense,Irregular Warfare Technical Support Directorate,--,,,
Department of Defense,MCTFT,--,,,
Department of Defense,National Security Agency,--,,,
Department of Defense,"National Security Agency, Laboratory for Physical Sciences",--,,,
Department of Defense,National Security Education Program (NSEP) at DLNSEO,--,,,
Department of Defense,NRO,--,,,
Department of Defense,Office of Economic Adjustment,--,,,
Department of Defense,Office of Local Defense Community Cooperation,--,,,
Department of Defense,"Office of the Under Secretary of Defense for Acquisition, Technology and Logistics",--,,,
Department of Defense,Office of Warrior Care Policy,--,,,
Department of Defense,PEO DHMS,--,,,
Department of Defense,TAK Product Center,--,,,
Department of Defense,US Army Corps of Engineers,--,Corps of Engineers--Civil Works    ,,
Department of Education,Department of Education,--,Department of Education,Department of Education    ,
Department of Education,Office of Chief Information Officer,--,,,
Department of Energy,Ames Laboratory,--,,,
Department of Energy,Argonne National Laboratory,--,,,
Department of Energy,Battelle Pacific Northwest National Laboratory,--,,,
Department of Energy,"Bechtel Bettis, Inc.",--,,,
Department of Energy,Bonneville Power Administration,--,,,
Department of Energy,Brookhaven National Laboratory,--,,,
Department of Energy,Department of Energy,--,Department of Energy,Department of Energy    ,
Department of Energy,Department of Energy Bulding Energy Codes Program,--,,,
Department of Energy,Energy Information Administration,--,,,
Department of Energy,Fermi National Accelerator Laboratory,--,,,
Department of Energy,Hanford Mission Integration Solutions,--,,,
Department of Energy,Idaho National Laboratory,--,,,
Department of Energy,Lawrence Berkeley National Laboratory,--,,,
Department of Energy,Lawrence Livermore National Laboratory,--,,,
Department of Energy,Los Alamos National Laboratory,--,,,
Department of Energy,National Energy Research Scientific Computing Center,--,,,
Department of Energy,"National Nuclear Security Administration, National Security Technologies, LLC",--,Department of Energy,National Nuclear Security Administration    ,
Department of Energy,National Renewable Energy Laboratory,--,,,
Department of Energy,Oak Ridge National Laboratory,--,,,
Department of Energy,Office of Electricity Delivery and Energy Reliability,--,,,
Department of Energy,Office of Energy Efficiency and Renewable Energy,--,,,
Department of Energy,Office of Legacy Management,--,,,
Department of Energy,Office of Naval Reactors,--,,,
Department of Energy,Office of Nuclear Energy,--,,,
Department of Energy,ORAU,--,,,
Department of Energy,OSTI,--,,,
Department of Energy,Pacific Northwest National Laboratory,--,,,
Department of Energy,Portsmouth/Paducah Project Office,--,,,
Department of Energy,Princeton Plasma Physics Lab,--,,,
Department of Energy,Research and Special Programs Administration / Volpe,--,,,
Department of Energy,Sandia National Laboratories,--,,,
Department of Energy,Savannah River National Lab,--,,,
Department of Energy,Savannah River Nuclear Solutions (SRNS),--,,,
Department of Energy,Southwestern Power Administration,--,,,
Department of Energy,The National Isotope Development Center,--,,,
Department of Energy,Thomas Jefferson National Accelerator Facility,--,,,
Department of Energy,U.S. Department of Energy,--,,,
Department of Energy,"US Department of Energy, Office of the CIO",--,,,
Department of Energy,Western Area Power Administration,--,,,
Department of Health and Human Services,Administration for Children and Families,--,Department of Health and Human Services,Administration for Children and Families    ,
Department of Health and Human Services,Administration for Community Living,--,Department of Health and Human Services,Administration for Community Living    ,
Department of Health and Human Services,Administration for Strategic Preparedness and Response,--,Department of Health and Human Services,Administration for Strategic Preparedness and Response    ,
Department of Health and Human Services,Agency for Healthcare Research and Quality,--,Department of Health and Human Services,Agency for Healthcare Research and Quality    ,
Department of Health and Human Services,"Assistant Secretary for Financial Resources, Office of the Secretary",--,,,
Department of Health and Human Services,"Assistant Secretary for Planning and Evaluation, Office of the Secretary",--,,,
Department of Health and Human Services,Assistant Secretary for Preparedness and Response Office of the Secretary,--,,,
Department of Health and Human Services,"Assistant Secretary for Preparedness and Response, Office of the Secretary",--,,,
Department of Health and Human Services,Centers for Disease Control and Prevention,--,Department of Health and Human Services,Centers for Disease Control and Prevention    ,
Department of Health and Human Services,Centers for Medicare and Medicaid Services,--,Department of Health and Human Services,Centers for Medicare and Medicaid Services    ,
Department of Health and Human Services,Department of Health and Human Services,--,Department of Health and Human Services,Department of Health and Human Services    ,
Department of Health and Human Services,"Enterprise Information Technology, NIH",--,Department of Health and Human Services,National Institutes of Health    ,
Department of Health and Human Services,"FDA, Center for Tobacco Products",--,Department of Health and Human Services,Food and Drug Administration    ,
Department of Health and Human Services,Health Resources and Services Administration,--,Department of Health and Human Services,Health Resources and Services Administration    ,
Department of Health and Human Services,Indian Health Service / Office of IT,--,Department of Health and Human Services,Indian Health Service    ,
Department of Health and Human Services,"National Cancer Institute, NIH",--,Department of Health and Human Services,National Institutes of Health    ,
Department of Health and Human Services,National Center for Advancing Translational Sciences,--,,,
Department of Health and Human Services,"National Heart, Lung & Blood Institute, NIH",--,Department of Health and Human Services,National Institutes of Health    ,
Department of Health and Human Services,National Institute of Neurological Disorders and Stroke,--,,,
Department of Health and Human Services,"National Institute on Alcohol Abuse and Alcoholism, NIH",--,Department of Health and Human Services,National Institutes of Health    ,
Department of Health and Human Services,"National Institute on Drug Abuse, NIH",--,Department of Health and Human Services,National Institutes of Health    ,
Department of Health and Human Services,"National Institutes of Diabetes and Digestive and Kidney Diseases, NIH",--,Department of Health and Human Services,National Institutes of Health    ,
Department of Health and Human Services,National Institutes of Health,--,Department of Health and Human Services,National Institutes of Health    ,
Department of Health and Human Services,"National Institutes on Aging, NIH",--,Department of Health and Human Services,National Institutes of Health    ,
Department of Health and Human Services,"National Library of Medicine, NIH",--,Department of Health and Human Services,National Institutes of Health    ,
Department of Health and Human Services,Office of Assistant Secretary of Public Affairs,--,,,
Department of Health and Human Services,"Office of Disease Prevention and Health Promotion, Office of the Secretary",--,,,
Department of Health and Human Services,"Office of Global Affairs, Office of the Secretary",--,,,
Department of Health and Human Services,"Office of Grants, Division of Workforce Development",--,,,
Department of Health and Human Services,"Office of Public Health and Science, Office on Women's Health",--,,,
Department of Health and Human Services,"Office of the Assistant Secretary for Health, Office of the Secretary",--,,,
Department of Health and Human Services,Office of the Assistant Secretary for Public Affairs (ASPA),--,,,
Department of Health and Human Services,Office of the Inspector General,--,Department of Health and Human Services,Office of the Inspector General    ,
Department of Health and Human Services,"Office of the National Coordinator, Office of the Secretary",--,,,
Department of Health and Human Services,Office of the Secretary,--,,,
Department of Health and Human Services,"Office of the Surgeon General, Office of the Secretary",--,,,
Department of Health and Human Services,OS/ASPA,--,,,
Department of Health and Human Services,"President's Council on Bioethics, Office of the Secretary",--,,,
Department of Health and Human Services,"Program Support Center, Office of the Secretary",--,,,
Department of Health and Human Services,SAMHSA Office of Communications,--,,,
Department of Health and Human Services,Substance Abuse and Mental Health Services Administration,--,Department of Health and Human Services,Substance Abuse and Mental Health Services Administration    ,
Department of Health and Human Services,The Administration for Children and Families (ACF),--,Department of Health and Human Services,Administration for Children and Families    ,
Department of Health and Human Services,U. S. Food and Drug Administration,--,Department of Health and Human Services,Food and Drug Administration    ,
Department of Homeland Security,CIO Headquarters,--,,,
Department of Homeland Security,Cybersecurity and Infrastructure Security Agency,--,Department of Homeland Security,Cybersecurity and Infrastructure Security Agency    ,
Department of Homeland Security,"Department of Homeland Security, Office of the Chief Information Officer",--,,,
Department of Homeland Security,Federal Emergency Management Agency,--,Department of Homeland Security,Federal Emergency Management Agency    ,
Department of Homeland Security,Federal Law Enforcement Training Center,--,Department of Homeland Security,Federal Law Enforcement Training Center    ,
Department of Homeland Security,Headquarters,--,Department of Homeland Security,Department of Homeland Security    ,
Department of Homeland Security,National Marine Center,--,,,
Department of Homeland Security,Office for Domestic Preparedness,--,,,
Department of Homeland Security,Office of Public Affairs,--,,,
Department of Homeland Security,Office of the Chief Information Officer,--,,,
Department of Homeland Security,Science and Technology,--,Department of Homeland Security,Science and Technology    ,
Department of Homeland Security,Transportation Security Administration,--,Department of Homeland Security,Transportation Security Administration    ,
Department of Homeland Security,U. S. Coast Guard C5I Service Center,--,Department of Homeland Security,United States Coast Guard    ,
Department of Homeland Security,U.S. Customs and Border Protection,--,Department of Homeland Security,U.S. Customs and Border Protection    ,
Department of Homeland Security,U.S. Immigration and Customs Enforcement,--,Department of Homeland Security,U.S. Immigration and Customs Enforcement    ,
Department of Homeland Security,United States Secret Service,--,Department of Homeland Security,United States Secret Service    ,
Department of Homeland Security,US-CERT,--,,,
Department of Homeland Security,US-VISIT,--,,,
Department of Homeland Security,USCIS,--,Department of Homeland Security,U.S. Immigration and Customs Enforcement    ,
Department of Housing and Urban Development,Department of Housing and Urban Development,--,Department of Housing and Urban Development,Department of Housing and Urban Development,
Department of Housing and Urban Development,Government National Mortgage Association,--,Department of Housing and Urban Development,Government National Mortgage Association    ,
Department of Housing and Urban Development,Office of Inspector General,--,,,
Department of Housing and Urban Development,"U.S. Department of Housing and Urban Development, Office of Policy Development and Research",--,Department of Housing and Urban Development,Policy Development and Research    ,
Department of Housing and Urban Development,Web Master  Pulic Affair,--,,,
Department of Justice,Antitrust Division,--,,,
Department of Justice,"Bureau of Alcohol, Tobacco, Firearms and Explosives",--,Department of Justice,"Bureau of Alcohol, Tobacco, Firearms, and Explosives    ",
Department of Justice,Civil Rights Division,--,,,
Department of Justice,Criminal Division,--,,,
Department of Justice,"Criminal Division, Asset Forfeiture and Money Laundering Section (AFMLS)",--,,,
Department of Justice,Department of Justice,--,Department of Justice,Department of Justice    ,
Department of Justice,"Department of Justice, Civil Division",--,,,
Department of Justice,"Department of Justice, National Institute of Corrections",--,,,
Department of Justice,"Department of Justice, Office of e-Government",--,,,
Department of Justice,Drug Enforcement Administration,--,Department of Justice,Drug Enforcement Administration    ,
Department of Justice,FBI CJIS,--,Department of Justice,Federal Bureau of Investigation    ,
Department of Justice,Federal Bureau of Investigation,--,Department of Justice,Federal Bureau of Investigation    ,
Department of Justice,Federal Bureau of Prisons,--,,,
Department of Justice,Federal Prison Industries,--,,,
Department of Justice,Institute for Intergovernmental Research,--,,,
Department of Justice,Internet Crime Complaint Center,--,,,
Department of Justice,Justice Management Division,--,,,
Department of Justice,National Virtual Translation Center,--,,,
Department of Justice,Office of Justice Programs,--,Department of Justice,Office of Justice Programs    ,
Department of Justice,Office of the Chief Information Officer,--,,,
Department of Justice,RCFL,--,,,
Department of Justice,Terrorist Screening Center,--,,,
Department of Justice,U.S Immigration and Customs Enforcement,--,Department of Homeland Security,U.S. Immigration and Customs Enforcement    ,
Department of Justice,"U.S. Department of Justice, BI, Domestic Security Alliance Council (DSAC)",--,,,
Department of Justice,"U.S. Department of Justice, FBI, LEO",--,Department of Justice,Federal Bureau of Investigation    ,
Department of Justice,"U.S. Department of Justice, National Security Division",--,Department of Justice,National Security Division    ,
Department of Justice,"U.S. Department of Justice, U. S. NATIONAL CENTRAL BUREAU of INTERPOL (INTERPOL)",--,,,
Department of Justice,U.S. Marshals Service,--,Department of Justice,Legal Activities and U.S. Marshals    ,
Department of Justice,Unicor,--,,,
Department of Labor,Bureau of International Labor Affairs,--,,,
Department of Labor,Bureau of Labor Statistics,--,Department of Labor,Bureau of Labor Statistics    ,
Department of Labor,Employment and Training Administration (ETA) - Office of Job Corps,--,Department of Labor,Employment and Training Administration    ,
Department of Labor,Mine Safety and Health Administration,--,Department of Labor,Mine Safety and Health Administration    ,
Department of Labor,Office of the Assistant Secretary for Administration & Management,--,,,
Department of Labor,Office of the Chief Information Officer,--,,,
Department of State,Bureau of Diplomatic Security (DS),--,,,
Department of State,Bureau of East Asian and Pacific Affairs (EAP),--,,,
Department of State,Bureau of Global Public Affairs (GPA),--,,,
Department of State,Bureau of Information Resources Management (IRM),--,,,
Department of State,Bureau of Western Hemisphere Affairs (WHA),--,,,
Department of State,Foreign Service Grievance Board (S/FSGB),--,,,
Department of State,Office of the Inspector General,--,,,
Department of State,U.S. - ASEAN Connect,--,,,
Department of the Interior,Advisory Committee on Water Information,--,,,
Department of the Interior,Aquatic Nuisance Species Task Force,--,,,
Department of the Interior,Aviation Management Directorate,--,,,
Department of the Interior,Bureau of Indian Affairs,--,Department of the Interior,Bureau of Indian Affairs    ,
Department of the Interior,Bureau of Indian Education,--,Department of the Interior,Bureau of Indian Education    ,
Department of the Interior,Bureau of Land Management,--,Department of the Interior,Bureau of Land Management    ,
Department of the Interior,Bureau of Land Management - Main Domain,--,Department of the Interior,Bureau of Land Management    ,
Department of the Interior,Bureau of Land Management - Utah Fire Info Domain,--,Department of the Interior,Bureau of Land Management    ,
Department of the Interior,Bureau of Reclamation,--,Department of the Interior,Bureau of Reclamation    ,
Department of the Interior,Department of the Interior,--,Department of the Interior,Department of the Interior    ,
Department of the Interior,DOI - Bureau of Trust Funds Administration,--,Department of the Interior,Bureau of Trust Funds Administration    ,
Department of the Interior,Interior Business Center,--,,,
Department of the Interior,Joint Fire Science Program,--,,,
Department of the Interior,Minerals Management Service,--,,,
Department of the Interior,National Business Center,--,,,
Department of the Interior,National Fire Plan Operations & Reporting System,--,,,
Department of the Interior,National Interagency Fire Center,--,,,
Department of the Interior,National Park Service,--,Department of the Interior,National Park Service    ,
Department of the Interior,National Wildfire Coordinating Group,--,,,
Department of the Interior,Office of Aviation Services,--,,,
Department of the Interior,Office of Surface Mining,--,,,
Department of the Interior,Office of the Chief Information Officer,--,,,
Department of the Interior,Piedras Blancas Light Station,--,,,
Department of the Interior,U.S. DEPARTMENT OF INTERIOR / OIG,--,Department of the Interior,Office of Inspector General    ,
Department of the Interior,U.S. Fish and Wildlife Service,--,Department of the Interior,United States Fish and Wildlife Service    ,
Department of the Interior,U.S. Geological Survey,--,Department of the Interior,United States Geological Survey    ,
Department of the Interior,US Geological Survey,--,Department of the Interior,United States Geological Survey    ,
Department of the Interior,US Geological Survey/Volcano Science Center,--,Department of the Interior,United States Geological Survey    ,
Department of the Interior,USGS Bird Banding Laboratory,--,Department of the Interior,United States Geological Survey    ,
Department of the Interior,USGS-NWRC,--,Department of the Interior,United States Geological Survey    ,
Department of the Interior,USGS/Denver Federal Center,--,Department of the Interior,United States Geological Survey    ,
Department of the Interior,Yosemite National Park,--,Department of the Interior,National Park Service    ,
Department of the Treasury,Alcohol and Tobacco Tax and Trade Bureau,--,Department of the Treasury,Alcohol and Tobacco Tax and Trade Bureau    ,
Department of the Treasury,Bureau of Engraving and Printing,--,Department of the Treasury,Bureau of Engraving and Printing    ,
Department of the Treasury,Bureau of the Fiscal Service,--,Department of the Treasury,Fiscal Service    ,
Department of the Treasury,Bureau of the Public Debt,--,,,
Department of the Treasury,CDFI,--,,,
Department of the Treasury,Citizens Coinage Advisory Committee (Mint),--,Department of the Treasury,United States Mint    ,
Department of the Treasury,Comptroller of the Currency,--,Department of the Treasury,Comptroller of the Currency    ,
Department of the Treasury,Department of the Treasury,--,Department of the Treasury,Department of the Treasury    ,
Department of the Treasury,Department of the Treasury - DO,--,,,
Department of the Treasury,Department of the Treasury - FINCEN,--,Department of the Treasury,Financial Crimes Enforcement Network    ,
Department of the Treasury,Department of the Treasury - FMS,--,,,
Department of the Treasury,Department of the Treasury - FS,--,Department of the Treasury,Fiscal Service    ,
Department of the Treasury,Department of the Treasury - IRS,--,Department of the Treasury,Internal Revenue Service    ,
Department of the Treasury,Department of the Treasury - OCIO,--,,,
Department of the Treasury,Department of the Treasury - U.S. Mint,--,Department of the Treasury,United States Mint    ,
Department of the Treasury,Department of the Treasury / FSOC,--,,,
Department of the Treasury,Departmental Offices,--,,,
Department of the Treasury,Financial Management Service (NESB Branch),--,,,
Department of the Treasury,OCIO,--,,,
Department of the Treasury,Office of Financial Research (OFR),--,,,
Department of the Treasury,Special IG for Pandemic Recovery,--,,,
Department of the Treasury,Special Inspector General for the Troubled Asset Relief Program,--,,,
Department of the Treasury,TCS,--,,,
Department of the Treasury,TCS (IRS),--,,,
Department of the Treasury,Treasury Inspector General for Tax Administration,--,,,
Department of the Treasury,Treasury PMO,--,,,
Department of Transportation,Bureau of Transportation Statistics,--,,,
Department of Transportation,Department of Transportation,--,Department of Transportation,Department of Transportation    ,
Department of Transportation,DOT/FAA/MMAC.AMi400,--,,,
Department of Transportation,FAA MMAC,--,Department of Transportation,Federal Aviation Administration    ,
Department of Transportation,FAASTeam,--,,,
Department of Transportation,Federal Aviation Administration,--,Department of Transportation,Federal Aviation Administration    ,
Department of Transportation,Federal Motor Carrier Safety Administration,--,Department of Transportation,Federal Motor Carrier Safety Administration    ,
Department of Transportation,National Highway Traffic Safety Administration,--,,,
Department of Transportation,U.S. Department of Transportation,--,,,
Department of Transportation,U.S. Department of Transportation Office of Aviation Consumer Protection,--,,,
Department of Transportation,U.S. Department of Transportation Office of the Chief Information Officer,--,,,
Department of Veterans Affairs,Department of Veterans Affairs - PREVENTS,--,,,
Department of Veterans Affairs,"Office of Information and Technology, IT Operations and Services (ITOPS)",--,,,
Department of Veterans Affairs,VA Office of Inspector General,--,,,
Department of Veterans Affairs,Veterans Experience Office,--,,,
Director of National Intelligence,National Counterintelligence and Security Center,--,,,
Director of National Intelligence,National Counterterrorism Center,--,,,
Director of National Intelligence,ODNI - IARPA,--,,,
Director of National Intelligence,Office of Director of National Intelligence - CIO (ICES),--,,,
Director of National Intelligence,Office of Director of National Intelligence - Public Affairs Office,--,,,
Director of National Intelligence,Office of Directorate of National Intelligence,--,,,
Director of National Intelligence,Office of the Director of National Intelligence,--,,,
Director of National Intelligence,Office of the National Counterintelligence Executive - NCIX,--,,,
Director of National Intelligence,"Office of the Program Manager, Information Sharing Environment, Office of the DNI",--,,,
Election Assistance Commission,Election Assistance Commission,--,Election Assistance Commission    ,,
Environmental Protection Agency,Environmental Protection Agency,--,Environmental Protection Agency    ,,
Environmental Protection Agency,EPA OIG,--,Environmental Protection Agency    ,,
Environmental Protection Agency,Federal Remediation Roundtable,--,Environmental Protection Agency    ,,
Environmental Protection Agency,Office of Federal Sustainability,--,Environmental Protection Agency    ,,
Environmental Protection Agency,US EPA Region 5,--,Environmental Protection Agency    ,,
Environmental Protection Agency,"US EPA, Great Lakes National Program Office",--,Environmental Protection Agency    ,,
Equal Employment Opportunity Commission,Equal Employment Opportunity Commission,--,Equal Employment Opportunity Commission    ,,
Executive Office of the President,Council on Environmental Quality,--,Executive Office of the President,Council on Environmental Quality and Office of Environmental Quality,
Executive Office of the President,Domestic Policy Council,--,,,
Executive Office of the President,Executive Office of the President,--,,,
Executive Office of the President,National Nanotechnology Coordination Office,--,,,
Executive Office of the President,National Quantum Coordination Office (NQCO),--,,,
Executive Office of the President,Office of Administration,--,Executive Office of the President,Office of Administration    ,
Executive Office of the President,Office of Management and Budget,--,Executive Office of the President,Office of Management and Budget    ,
Executive Office of the President,Office of National Drug Control Policy,--,Executive Office of the President,Office of National Drug Control Policy    ,
Executive Office of the President,Office of Science and Technology Policy - White House,--,Executive Office of the President,Office of Science and Technology Policy    ,
Executive Office of the President,Presidential Community of Interest,--,,,
Executive Office of the President,United States Digital Service,--,,,
Executive Office of the President,United States Trade Representative,--,Executive Office of the President,Office of the United States Trade Representative    ,
Executive Office of the President,White House,--,,,
Executive Office of the President,White House Council on Environmental Quality (CEQ),--,Executive Office of the President,Council on Environmental Quality and Office of Environmental Quality,
Executive Office of the President,White House Office,--,,,
Export-Import Bank of the United States,Export-Import Bank of the United States,--,Export-Import Bank of the United States    ,,
Farm Credit Administration,Farm Credit System Insurance Corporation,--,Farm Credit Administration    ,,
Farm Credit Administration,Office of Information Technology,--,Farm Credit Administration    ,,
Federal Communications Commission,Federal Communications Commission,--,Federal Communications Commission    ,,
Federal Communications Commission,Office of the Managing Director,--,Federal Communications Commission    ,,
Federal Deposit Insurance Corporation,Federal Deposit Insurance Corporation,--,Federal Deposit Insurance Corporation,,
Federal Election Commission,Federal Election Commission,--,Federal Election Commission    ,,
Federal Energy Regulatory Commission,Federal Energy Regulatory Commission,--,,,
Federal Housing Finance Agency,Federal Housing Finance Agency,--,Federal Housing Finance Agency    ,,
Federal Housing Finance Agency,Federal Housing Finance Agency Office of Inspector General,--,Federal Housing Finance Agency    ,,
Federal Labor Relations Authority,Federal Labor Relations Authority,--,Federal Labor Relations Authority    ,,
Federal Maritime Commission,Federal Maritime Commission,--,Federal Maritime Commission    ,,
Federal Mediation and Conciliation Service,Federal Mediation and Conciliation Service,--,Federal Mediation and Conciliation Service    ,,
Federal Mediation and Conciliation Service,Office of Conflict Management and Prevention,--,Federal Mediation and Conciliation Service    ,,
Federal Mine Safety and Health Review Commission,Federal Mine Safety & Health Review Commission,--,Federal Mine Safety and Health Review Commission    ,,
Federal Permitting Improvement Steering Council,Federal Permitting Improvement Steering Council,--,Federal Permitting Improvement Council    ,,
Federal Reserve Board of Governors,Board of Governors of the Federal Reserve,--,Financing Vehicles and the Board of Governors of the Federal Reserve,,
Federal Reserve Board of Governors,Federal Financial Institutions Examination Council,--,Federal Financial Institutions Examination Council    ,,
Federal Reserve Board of Governors,Federal Reserve Bank,--,Financing Vehicles and the Board of Governors of the Federal Reserve,,
Federal Reserve Board of Governors,Federal Reserve Board of Governors,--,Financing Vehicles and the Board of Governors of the Federal Reserve,,
Federal Reserve Board of Governors,The Financial and Banking Information Infrastructure Committee,--,Financing Vehicles and the Board of Governors of the Federal Reserve,,
Federal Retirement Thrift Investment Board,Office of Technology Services,--,Federal Retirement Thrift Investment Board    ,,
Federal Trade Commission,Division of Consumer & Business Education (DCBE),--,Federal Trade Commission    ,,
Federal Trade Commission,Division of Consumer Response & Operations (DCRO),--,Federal Trade Commission    ,,
Federal Trade Commission,Office of Internal Affairs (OIA),--,Federal Trade Commission    ,,
Federal Trade Commission,Office of Public Affairs (OPA),--,Federal Trade Commission    ,,
Federal Trade Commission,Premerger Notification Office (PNO),--,Federal Trade Commission    ,,
General Services Administration,400 Years of African American History Commission,--,400 Years of African-American History Commission    ,,
General Services Administration,Civilian Board of Contract Appeals,--,General Services Administration,,
General Services Administration,General Services Administration,--,General Services Administration,,
General Services Administration,GSA IT,--,General Services Administration,,
General Services Administration,GSA Office of Inspector General,--,General Services Administration,,
General Services Administration,"GSA, CABs",--,General Services Administration,,
General Services Administration,"GSA, CIO.GOV",--,General Services Administration,,
General Services Administration,"GSA, FAS, Acquisition",--,General Services Administration,,
General Services Administration,"GSA, FAS, Advantage",--,General Services Administration,,
General Services Administration,"GSA, FAS, ClearPath",--,General Services Administration,,
General Services Administration,"GSA, FAS, ECPIC",--,General Services Administration,,
General Services Administration,"GSA, FAS, FPDS",--,General Services Administration,,
General Services Administration,"GSA, FAS, FPKI",--,General Services Administration,,
General Services Administration,"GSA, FAS, Office of Enterprise Strategy Management",--,General Services Administration,,
General Services Administration,"GSA, FAS, SASy",--,General Services Administration,,
General Services Administration,"GSA, FAS, System for Award Management",--,General Services Administration,,
General Services Administration,"GSA, IC, Acquisition",--,General Services Administration,,
General Services Administration,"GSA, IC, FAI",--,General Services Administration,,
General Services Administration,"GSA, IC, OGP Web Portfolio",--,General Services Administration,,
General Services Administration,"GSA, IC, OGP Web Portolio",--,General Services Administration,,
General Services Administration,"GSA, IC, OGP WebPortfolio",--,General Services Administration,,
General Services Administration,"GSA, IC, ROCIS",--,General Services Administration,,
General Services Administration,"GSA, IDI-EAS-SF-FRPG",--,General Services Administration,,
General Services Administration,"GSA, IDI, EAS-SF",--,General Services Administration,,
General Services Administration,"GSA, IDI, ECAS II",--,General Services Administration,,
General Services Administration,"GSA, IDI, Enterprise Application Services",--,General Services Administration,,
General Services Administration,"GSA, IDI, Presidential Transition Team",--,General Services Administration,,
General Services Administration,"GSA, IDI,EAS",--,General Services Administration,,
General Services Administration,"GSA, IQ-CAP",--,General Services Administration,,
General Services Administration,"GSA, IQ-ESRS-FSRS",--,General Services Administration,,
General Services Administration,"GSA, IQ-FPDS-FPDS Portal",--,General Services Administration,,
General Services Administration,"GSA, IQ-FSD-FSD Portal",--,General Services Administration,,
General Services Administration,"GSA, IQ-GSAAdvantage-Main",--,General Services Administration,,
General Services Administration,"GSA, IQ-SASy-GSAAuctions",--,General Services Administration,,
General Services Administration,"GSA, IQ, CAT",--,General Services Administration,,
General Services Administration,"GSA, IQ, Clearpath",--,General Services Administration,,
General Services Administration,"GSA, IQ, eRulemaking",--,General Services Administration,,
General Services Administration,"GSA, IQ, IAE",--,General Services Administration,,
General Services Administration,"GSA, Office of Government-wide Policy",--,General Services Administration,,
General Services Administration,"GSA, OGP, Web Portfolio",--,General Services Administration,,
General Services Administration,"GSA, Q-FPKI",--,General Services Administration,,
General Services Administration,"GSA, TTS, Federalist",--,General Services Administration,,
General Services Administration,"GSA,FAS,Technology Transformation Service",--,General Services Administration,,
General Services Administration,Office of Government-wide Policy,--,General Services Administration,,
General Services Administration,OGP/OSSPI/Executive Councils,--,General Services Administration,,
General Services Administration,The Confederate Base Naming Commission,--,General Services Administration,,
General Services Administration,TTS Public Benefits Studio,--,General Services Administration,,
gov Administration,.gov Administration,--,,,
gov Administration,Igorville Village,--,,,
Government Accountability Office,FASAB,--,Government Accountability Office    ,,
Government Accountability Office,Government Accountability Office,--,Government Accountability Office    ,,
Government Publishing Office,Government Publishing Office,--,Government Publishing Office    ,,
Government Publishing Office,Office of Federal Register (NF),--,Government Publishing Office    ,,
Gulf Coast Ecosystem Restoration Council,National Oceanic and Atmospheric Administration (NOAA),--,Gulf Coast Ecosystem Restoration Council    ,,
Harry S. Truman Scholarship Foundation,Harry S. Truman Scholarship Foundation,--,Harry S Truman Scholarship Foundation    ,,
Institute of Museum and Library Services,Institute of Museum and Library Services,--,Institute of Museum and Library Services    ,,
Inter-American Foundation,Inter-American Foundation,--,Inter-American Foundation    ,,
James Madison Memorial Fellowship Foundation,James Madison Memorial Fellowship Foundation,--,James Madison Memorial Fellowship Foundation    ,,
Japan-U.S. Friendship Commission,Japan-US Friendship Commission,--,Japan-United States Friendship Commission    ,,
John F. Kennedy Center for the Performing Arts,John F Kennedy Center for Performing Arts,--,,,
Legal Services Corporation,Legal Services Corporation,--,Legal Services Corporation    ,,
Library of Congress,Congressional Research Service,--,Library of Congress    ,,
Library of Congress,Copyright Royalty Board,--,Library of Congress    ,,
Library of Congress,Library of Congress,--,Library of Congress    ,,
Marine Mammal Commission,Marine Mammal Commission,--,Marine Mammal Commission,,
Medicaid and CHIP Payment and Access Commission,Medicaid and CHIP Payment and Access Commission,--,,,
Medicare Payment Advisory Commission,Medicare Payment Advisory Commission,--,,,
Merit Systems Protection Board,US Merit Systems Protection Board,--,Merit Systems Protection Board    ,,
Millennium Challenge Corporation,Millennium Challenge Corporation,--,Millennium Challenge Corporation  ,,
Morris K. Udall and Stewart L. Udall Foundation,Morris K. Udall and Stewart L. Udall Foundation,--,Morris K. Udall and Stewart L. Udall Foundation    ,,
National Aeronautics and Space Administration,Jet Propulsion Lab Communications and Education Directorate,--,National Aeronautics and Space Administration    ,,
National Aeronautics and Space Administration,NASA Earth Science Division,--,National Aeronautics and Space Administration    ,,
National Aeronautics and Space Administration,NASA Langley Research Center,--,National Aeronautics and Space Administration    ,,
National Aeronautics and Space Administration,NASA Office of the Chief Information Officer,--,National Aeronautics and Space Administration    ,,
National Aeronautics and Space Administration,NASA Science Data Systems Branch,--,National Aeronautics and Space Administration    ,,
National Archives and Records Administration,Gerald R. Ford Library and Museum,--,National Archives and Records Administration    ,,
National Archives and Records Administration,Jimmy Carter Library & Museum,--,National Archives and Records Administration    ,,
National Archives and Records Administration,National Archives and Records Administration,--,National Archives and Records Administration    ,,
National Archives and Records Administration,NPOL,--,National Archives and Records Administration    ,,
National Archives and Records Administration,Policy and Planning,--,National Archives and Records Administration    ,,
National Archives and Records Administration,William Clinton Presidential Library,--,National Archives and Records Administration    ,,
National Capital Planning Commission,National Capital Planning Commission,--,National Capital Planning Commission    ,,
National Council on Disability,National Council on Disability,--,National Council on Disability    ,,
National Credit Union Administration,National Credit Union Administration,--,National Credit Union Administration    ,,
National Endowment for the Arts,Office of Information and Technology Management,--,National Endowment for the Arts    ,,
National Endowment for the Humanities,Office of Information Resources Management,--,National Endowment for the Humanities    ,,
National Gallery of Art,National Gallery of Art,--,,,
National Indian Gaming Commission,National Indian Gaming Commision,--,,,
National Labor Relations Board,National Labor Relations Board,--,National Labor Relations Board    ,,
National Mediation Board,National Mediation Board,--,National Mediation Board    ,,
National Science Foundation,National Science Foundation,--,National Science Foundation    ,,
National Science Foundation,"National Science Foundation, Office of Polar Programs",--,National Science Foundation    ,,
National Science Foundation,Small Agency Council,--,National Science Foundation    ,,
National Science Foundation,U.S. Arctic Research Commission,--,National Science Foundation    ,,
National Security Commission on Artificial Intelligence,National Security Commission on Artificial Intelligence,--,National Security Commission on Artificial Intelligence    ,,
National Transportation Safety Board,National Transportation Safety Board,--,National Transportation Safety Board    ,,
Networking Information Technology Research and Development,National Coordination Office for Networking and Information Technology Research and Development,--,,,
Northern Border Regional Commission,Northern Border Regional Commission,--,,,
Nuclear Regulatory Commission,Nuclear Regulatory Commission,--,Nuclear Regulatory Commission    ,,
Occupational Safety and Health Review Commission,Occupational Safety & Health Review Commission,--,Occupational Safety and Health Review Commission    ,,
Office of Congressional Workplace Rights,Congressional Office of Compliance,--,Office of Congressional Workplace Rights    ,,
Office of Congressional Workplace Rights,Office of Congressional Workplace Rights,--,Office of Congressional Workplace Rights    ,,
Office of Government Ethics,Office of Government Ethics,--,Office of Government Ethics    ,,
Office of Navajo and Hopi Indian Relocation,Office of Navajo and Hopi Indian Relocation,--,Office of Navajo and Hopi Indian Relocation    ,,
Office of Personnel Management,Chief Human Capital Officers,--,Office of Personnel Management    ,,
Office of Personnel Management,Defense Counterintelligence and Security Agency,--,Office of Personnel Management    ,,
Office of Personnel Management,Federal Executive Board,--,Office of Personnel Management    ,,
Office of Personnel Management,OCIO,--,Office of Personnel Management    ,,
Office of Personnel Management,Office Of Personnel Management,--,Office of Personnel Management    ,,
Office of Personnel Management,OPM Center for Leadership Development,--,Office of Personnel Management    ,,
Office of Personnel Management,OPM Enterprise Human Resources Integration,--,Office of Personnel Management    ,,
Office of Personnel Management,OPM Federal Employees Benefits,--,Office of Personnel Management    ,,
Office of Personnel Management,OPM Human Resource Solutions,--,Office of Personnel Management    ,,
Office of Personnel Management,"OPM Policy, Data, Oversight",--,Office of Personnel Management    ,,
Office of Personnel Management,Performance Accountability Council,--,Office of Personnel Management    ,,
Office of Personnel Management,Presidential Management Fellows,--,Office of Personnel Management    ,,
Open World Leadership Center,Congressional Office for International Leadership,--,,,
Open World Leadership Center,The Open World Leadership Center,--,,,
Peace Corps,Office of Inspector General,--,Peace Corps    ,,
Peace Corps,Peace Corps,--,Peace Corps    ,,
Pension Benefit Guaranty Corporation,Office of Information Technology,--,Department of Labor,Pension Benefit Guaranty Corporation    ,
Postal Regulatory Commission,Postal Regulatory Commission,--,,,
Presidio Trust,Presidio Trust,--,Presidio Trust    ,,
Privacy and Civil Liberties Oversight Board,Privacy & Civil Liberties Oversight Board,--,Privacy and Civil Liberties Oversight Board    ,,
Public Buildings Reform Board,General Services Administration,--,Public Buildings Reform Board    ,,
Railroad Retirement Board,Bureau of Information Services,--,Railroad Retirement Board,,
Securities and Exchange Commission,Network Operations Branch,--,Securities and Exchange Commission    ,,
Selective Service System,Selective Service System,--,Selective Service System    ,,
Small Business Administration,SBA-Office of Innovation & Technology,--,Small Business Administration    ,,
Small Business Administration,Small Business Administration,--,Small Business Administration    ,,
Smithsonian Institution,Smithsonian Institution,--,Smithsonian Institution    ,,
Smithsonian Institution,Smithsonian Institution Office of the CIO (OCIO),--,Smithsonian Institution    ,,
Social Security Administration,SSA/OSOHE/Division of Network Engineering,--,"Social Security Administration    , ",,
Social Security Advisory Board,Social Security Advisory Board,--,,,
Southeast Crescent Regional Commission,Southeast Crescent Regional Commission,--,Southeast Crescent Regional Commission    ,,
Southwest Border Regional Commission,"GSA, FAS",--,Southwest Border Regional Commission    ,,
State Justice Institute,State Justice Institute,--,State Justice Institute    ,,
Stennis Center for Public Service,John C. Stennis Center for Public Service,--,,,
Surface Transportation Board,Surface Transportation Board,--,Surface Transportation Board    ,,
Tennessee Valley Authority,Tennessee Valley Authority Office of Inspector General,--,Tennessee Valley Authority    ,,
Tennessee Valley Authority,TVA IT,--,Tennessee Valley Authority    ,,
The Intelligence Community,Prosecution Task Force,--,,,
The Legislative Branch,Commission on Security and Cooperation in Europe,--,,,
The Legislative Branch,Congressional Executive Commission on China,--,,,
The Legislative Branch,Congressional-Executive Commission on China,--,,,
The Legislative Branch,Democratic Whip's Office,--,,,
The Legislative Branch,House Democratic Caucus,--,,,
The Legislative Branch,House Republican Conference,--,,,
The Legislative Branch,Office of the House Republican Leader,--,,,
The Legislative Branch,Office of the Majority Leader,--,,,
The Legislative Branch,Office of the Majority Whip,--,,,
The Legislative Branch,Office of the Speaker,--,,,
The Legislative Branch,"The Joint Committee on Taxation, United States Congress",--,,,
The Legislative Branch,US House of Representatives,--,House of Representatives    ,,
The Supreme Court,Supreme Court of the United States,--,,,
The United States World War One Centennial Commission,The United States World War One Centennial Commission,--,,,
U.S. Agency for International Development,Bureau for Global Health,--,Agency for International Development    ,,
U.S. Agency for International Development,Bureau for Resilience and Food Security (RFS),--,Agency for International Development    ,,
U.S. Agency for International Development,Foreign Assistance Office (F/PPS),--,Agency for International Development    ,,
U.S. Agency for International Development,M/CIO,--,Agency for International Development    ,,
U.S. Agency for International Development,Office of the Director of U.S. Foreign Assistance,--,Agency for International Development    ,,
U.S. Agency for International Development,U.S. Agency for International Development,--,Agency for International Development    ,,
U.S. Agency for International Development,USAID/GH.CECA,--,Agency for International Development    ,,
U.S. Capitol Police,U.S. Capitol Police,--,Capitol Police    ,,
U.S. Chemical Safety Board,U.S. Chemical Safety and Hazard Investigation Board,--,Chemical Safety and Hazard Investigation Board    ,,
U.S. Commission for the Preservation of Americas Heritage Abroad,U.S. Commission for the Preservation of America's Heritage Abroad,--,,,
U.S. Commission of Fine Arts,U.S. Commission of Fine Arts,--,Commission of Fine Arts    ,,
U.S. Commission on Civil Rights,ASCD-CIO,--,Commission on Civil Rights    ,,
U.S. Commission on Civil Rights,Commission on the Social Status of Black Men and Black Boys,--,Commission on Civil Rights    ,,
U.S. Commission on International Religious Freedom,U.S. Commission on International Religious Freedom,--,,,
U.S. Department of Agriculture,Agricultural Research Service,--,Department of Agriculture,Agricultural Research Service    ,
U.S. Department of Agriculture,Aviation Management Directorate,--,,,
U.S. Department of Agriculture,National Advanced Fire and Resource Institute,--,,,
U.S. Department of Agriculture,National Agricultural Library,--,,,
U.S. Department of Agriculture,National Finance Center,--,,,
U.S. Department of Agriculture,National Wildfire Coordinating Group,--,,,
U.S. Department of Agriculture,OCIO/DISC,--,Department of Agriculture,Office of Chief Information Officer    ,
U.S. Department of Agriculture,Office of Communications,--,,,
U.S. Department of Agriculture,Office of Energy Policy and New Uses,--,,,
U.S. Department of Agriculture,Office of the Chief Information Officer,--,Department of Agriculture,Office of Chief Information Officer    ,
U.S. Department of Agriculture,Recreation One Stop,--,,,
U.S. Department of Agriculture,Rural Development,--,Department of Agriculture,Rural Development    ,
U.S. Department of Agriculture,U.S. Department of Agriculture,--,Department of Agriculture,Department of Agriculture    ,
U.S. Department of Agriculture,US Forest Service,--,Department of Agriculture,Forest Service    ,
U.S. Department of Agriculture,USDA - Agriculteral Marketing Service,--,Department of Agriculture,Agricultural Marketing Service    ,
U.S. Department of Agriculture,USDA - Center for Nutrition Policy and Promotion,--,,,
U.S. Department of Agriculture,USDA Forest Service - Southwestern Region,--,,,
U.S. Department of Agriculture,"USDA, ARS, NAL",--,Department of Agriculture,Agricultural Research Service    ,
U.S. Department of Agriculture,"USDA, Office of Communications",--,,,
U.S. Department of Agriculture,USDA/ARS/NAL,--,Department of Agriculture,Agricultural Research Service    ,
U.S. Department of Agriculture,USDA/OC,--,,,
U.S. Nuclear Waste Technical Review Board,Nuclear Waste Technical Review Board,--,Nuclear Waste Technical Review Board    ,,
U.S. Office of Special Counsel,U.S. Office of Special Counsel,--,Office of Special Counsel    ,,
U.S. Semiquincentennial Commission,United States Semiquincentennial Commission,--,,,
U.S.-China Economic and Security Review Commission,U.S.-China Economic and Security Review Commission,--,,,
United States AbilityOne Commission,Committee for Purchase From People Who Are Blind or Severely Disabled,--,Committee for Purchase from People who are Blind or Severely Disabled,,
United States Access Board,U.S Access Board,--,Access Board    ,,
United States African Development Foundation,African Development Foundation,--,African Development Foundation    ,,
United States Agency for Global Media,Broadcasting Board of Governors,--,United States Agency for Global Media    ,,
United States Agency for Global Media,IBB/VOA/BBG,--,United States Agency for Global Media    ,,
United States Agency for Global Media,International Broadcasting Advisory Board,--,United States Agency for Global Media    ,,
United States Agency for Global Media,Office of Cuba Broadcasting,--,United States Agency for Global Media    ,,
United States Agency for Global Media,VOA,--,United States Agency for Global Media    ,,
United States Global Change Research Program,U.S. Global Change Research Program,--,,,
United States Holocaust Memorial Museum,United States Holocaust Memorial Museum,--,United States Holocaust Memorial Museum    ,,
United States Institute of Peace,GSA/United States Institute of Peace,--,United States Institute of Peace    ,,
United States Interagency Council on Homelessness,United States Interagency Council on Homelessness,--,United States Interagency Council on Homelessness    ,,
United States International Development Finance Corporation,US International Development Finance Corporation,--,United States International Development Finance Corporation    ,,
United States International Trade Commission,OCIO,--,International Trade Commission    ,,
United States International Trade Commission,USITC Office of Inspector General,--,International Trade Commission    ,,
United States Postal Service,U.S. Postal Service,--,Postal Service    ,,
United States Postal Service,USPS Office of Inspector General,--,Postal Service    ,,
United States Senate,US Senate,--,Senate    ,,
United States Trade and Development Agency,US Trade and Development Agency,--,Trade and Development Agency    ,,
Western Hemisphere Drug Policy Commission,Western Hemisphere Drug Policy Commission,--,,,
-------------,-------------,-------------,-------------,-------------,
--,--,--,Below: OMB entries that are unmatched or I'm unsure how to crossmatch against dotgov entries,-------------,
-------------,-------------,-------------,-------------,-------------,
-------------,-------------,-------------,-------------,-------------,
--,--,--,Cemeterial Expenses    ,,
--,--,--,Educational Benefits    ,,
--,--,--,"Forest and Wildlife Conservation, Military Reservations   ,  , ",,
--,--,--,Military Retirement    ,,
--,--,--,Other Defense Civil Programs    ,,
--,--,--,Retiree Health Care    ,,
--,--,--,Other Commissions and Boards ,,
--,--,--,Patient-Centered Outcomes Research Trust Fund    ,,
--,--,--,Public Company Accounting Oversight Board    ,,
--,--,--,Public Defender Service for the District of Columbia    ,,
--,--,--,Puerto Rico Oversight Board    ,,
--,--,--,Recovery Act Accountability and Transparency Board    ,,
--,--,--,Securities Investor Protection Corporation    ,,
--,--,--,Standard Setting Body    ,,
--,--,--,United Mine Workers of America Benefit Funds    ,,
--,--,--,United States Enrichment Corporation Fund    ,,
--,--,--,Vietnam Education Foundation    ,,
--,--,--,Affordable Housing Program    ,,
--,--,--,Alyce Spotted Bear and Walter Soboleff Commission on Native Children,,
--,--,--,Commission on Combating Synthetic Opioid Trafficking    ,,
--,--,--,Corporation for Public Broadcasting    ,,
--,--,--,Corporation for Travel Promotion    ,,
--,--,--,Department of Agriculture,Animal and Plant Health Inspection Service    ,
--,--,--,Department of Agriculture,Buildings and Facilities    ,
--,--,--,Department of Agriculture,Economic Research Service    ,
--,--,--,Department of Agriculture,Executive Operations    ,
--,--,--,Department of Agriculture,Farm Production and Conservation    ,
--,--,--,Department of Agriculture,Farm Service Agency    ,
--,--,--,Department of Agriculture,Food and Nutrition Service    ,
--,--,--,Department of Agriculture,Food Safety and Inspection Service    ,
--,--,--,Department of Agriculture,Foreign Agricultural Service    ,
--,--,--,Department of Agriculture,"Grain Inspection, Packers and Stockyards Administration    ",
--,--,--,Department of Agriculture,Hazardous Materials Management    ,
--,--,--,Department of Agriculture,National Agricultural Statistics Service    ,
--,--,--,Department of Agriculture,National Institute of Food and Agriculture    ,
--,--,--,Department of Agriculture,Natural Resources Conservation Service    ,
--,--,--,Department of Agriculture,Office of Chief Financial Officer    ,
--,--,--,Department of Agriculture,Office of Civil Rights    ,
--,--,--,Department of Agriculture,Office of Inspector General    ,
--,--,--,Department of Agriculture,Office of the General Counsel    ,
--,--,--,Department of Agriculture,Office of the Secretary    ,
--,--,--,Department of Agriculture,Risk Management Agency    ,
--,--,--,Department of Agriculture,Rural Business-Cooperative Service    ,
--,--,--,Department of Agriculture,,
--,--,--,Department of Agriculture,Rural Housing Service    ,
--,--,--,Department of Agriculture,Rural Utilities Service    ,
--,--,--,Department of Commerce,Departmental Management    ,
--,--,--,Department of Defense,Air Force,
--,--,--,Department of Defense,"Navy, Marine Corps; Army; Air Force; Defense-wide",
--,--,--,Department of Defense,Army,
--,--,--,Department of Education,Department of Education    ,
--,--,--,Department of Education,Departmental Management    ,
--,--,--,Department of Education,Disaster Education Recovery    ,
--,--,--,Department of Education,Institute of Education Sciences    ,
--,--,--,Department of Education,"Office of Career, Technical, and Adult Education    ",
--,--,--,Department of Education,Office of Elementary and Secondary Education    ,
--,--,--,Department of Education,Office of English Language Acquisition    ,
--,--,--,Department of Education,Office of Federal Student Aid    ,
--,--,--,Department of Education,Office of Innovation and Improvement    ,
--,--,--,Department of Education,Office of Postsecondary Education    ,
--,--,--,Department of Education,Office of Special Education and Rehabilitative Services    ,
--,--,--,Department of Energy,Departmental Administration    ,
--,--,--,Department of Energy,Energy Programs    ,
--,--,--,Department of Energy,Environmental and Other Defense Activities    ,
--,--,--,Department of Energy,Power Marketing Administration    ,
--,--,--,Department of Health and Human Services,Allowances    ,
--,--,--,Department of Health and Human Services,Departmental Management    ,
--,--,--,Department of Health and Human Services,Program Support Center    ,
--,--,--,Department of Homeland Security,Citizenship and Immigration Services    ,
--,--,--,Department of Homeland Security,Management Directorate    ,
--,--,--,Department of Homeland Security,Office of Health Affairs    ,
--,--,--,Department of Homeland Security,Office of the Inspector General    ,
--,--,--,Department of Homeland Security,Office of the Secretary and Executive Management    ,
--,--,--,Department of Homeland Security,U.S. Immigration and Customs Enforcement    ,
--,--,--,Department of Homeland Security,Analysis and Operations    ,
--,--,--,Department of Homeland Security,Countering Weapons of Mass Destruction Office    ,
--,--,--,Department of Housing and Urban Development,Community Planning and Development    ,
--,--,--,Department of Housing and Urban Development,Fair Housing and Equal Opportunity    ,
--,--,--,Department of Housing and Urban Development,Housing Programs    ,
--,--,--,Department of Housing and Urban Development,Housing Supply    ,
--,--,--,Department of Housing and Urban Development,Management and Administration    ,
--,--,--,Department of Housing and Urban Development,Office of Lead Hazard Control and Healthy Homes    ,
--,--,--,Department of Housing and Urban Development,Public and Indian Housing Programs    ,
--,--,--,Department of Justice,Federal Prison System    ,
--,--,--,Department of Justice,Interagency Law Enforcement    ,
--,--,--,Department of Justice,General Administration    ,
--,--,--,Department of Justice,Radiation Exposure Compensation,
--,--,--,Department of Justice,United States Parole Commission    ,
--,--,--,Department of Labor,Department of Labor    ,
--,--,--,Department of Labor,Departmental Management    ,
--,--,--,Department of Labor,Employee Benefits Security Administration    ,
--,--,--,Department of Labor,Occupational Safety and Health Administration    ,
--,--,--,Department of Labor,Office of Disability Employment policy    ,
--,--,--,Department of Labor,Office of Federal Contract Compliance Programs    ,
--,--,--,Department of Labor,Office of Labor Management Standards    ,
--,--,--,Department of Labor,Office of Workers' Compensation Programs    ,
--,--,--,Department of Labor,Veterans' Employment and Training Service    ,
--,--,--,Department of Labor,Wage and Hour Division    ,
--,--,--,Department of State,Administration of Foreign Affairs    ,
--,--,--,Department of State,"Department of State    , ",
--,--,--,Department of State,International Commissions    ,
--,--,--,Department of State,International Organizations and Conferences    ,
--,--,--,Department of State,Other    ,
--,--,--,Department of the Interior,Bureau of Ocean Energy Management    ,
--,--,--,Department of the Interior,Bureau of Safety and Environmental Enforcement    ,
--,--,--,Department of the Interior,Central Utah Project    ,
--,--,--,Department of the Interior,Department-Wide Programs    ,
--,--,--,Department of the Interior,Departmental Offices    ,
--,--,--,Department of the Interior,Insular Affairs    ,
--,--,--,Department of the Interior,National Indian Gaming Commission    ,
--,--,--,Department of the Interior,Office of Surface Mining Reclamation and Enforcement    ,
--,--,--,Department of the Interior,Office of the Solicitor    ,
--,--,--,Department of the Interior,Office of the Special Trustee for American Indians    ,
--,--,--,Department of the Treasury,Departmental Offices    ,
--,--,--,Department of the Treasury,Federal Financing Bank    ,
--,--,--,Department of the Treasury,Interest on the Public Debt    ,
--,--,--,Department of Transportation,Federal Highway Administration    ,
--,--,--,Department of Transportation,Federal Railroad Administration    ,
--,--,--,Department of Transportation,Federal Transit Administration    ,
--,--,--,Department of Transportation,Maritime Administration    ,
--,--,--,Department of Transportation,National Highway Traffic Safety Administration    ,
--,--,--,Department of Transportation,Office of Inspector General    ,
--,--,--,Department of Transportation,Office of the Secretary    ,
--,--,--,Department of Transportation,Pipeline and Hazardous Materials Safety Administration    ,
--,--,--,Department of Transportation,Saint Lawrence Seaway Development Corporation    ,
--,--,--,Department of Transportation,Surface Transportation Board    ,
--,--,--,Department of Veterans Affairs,Benefits Programs    ,
--,--,--,Department of Veterans Affairs,Department of Veterans Affairs    ,
--,--,--,Department of Veterans Affairs,Departmental Administration    ,
--,--,--,Department of Veterans Affairs,Veterans Health Administration    ,
--,--,--,District of Columbia,District of Columbia Courts,
--,--,--,District of Columbia,District of Columbia General and Special Payments    ,
--,--,--,Electric Reliability Organization    ,,
--,--,--,Executive Office of the President,Council of Economic Advisers    ,
--,--,--,Executive Office of the President,Executive Residence at the White House    ,
--,--,--,Executive Office of the President,National Security Council and Homeland Security Council    ,
--,--,--,Executive Office of the President,National Space Council    ,
--,--,--,Executive Office of the President,Office of Pandemic Preparedness and Response    ,
--,--,--,Executive Office of the President,Office of the National Cyber Director    ,
--,--,--,Executive Office of the President,Special Assistance to the President and the Official Residence of the Vice President,
--,--,--,Executive Office of the President,The White House    ,
--,--,--,Executive Office of the President,Unanticipated Needs    ,
--,--,--,Farm Credit System    ,,
--,--,--,Farm Credit System Insurance Corporation    ,,
--,--,--,Federal Drug Control Programs    ,,
--,--,--,Federal Home Loan Bank System    ,,
--,--,--,"Federal Home Loan Mortgage Corporation    , ",,
--,--,--,Federal National Mortgage Association    ,,
--,--,--,Great Lakes Authority    ,,
--,--,--,Overseas Private Investment Corporation    ,,
--,--,--,Medical Center Research Organizations    ,,
--,--,--,Military Compensation and Retirement Modernization Commission,,
--,--,--,National Association of Registered Agents and Brokers    ,,
--,--,--,National Commission on Military Aviation Safety    ,,
--,--,--,"National Commission on Military, National, and Public Service",,
--,--,--,National Oilheat Research Alliance    ,,
--,--,--,Neighborhood Reinvestment Corporation    ,,
--,--,--,Northern Border Regional Commission    ,,
--,--,--,Intelligence Community Management Account    ,,
--,--,--,Foreign Assistance Program Allowances    ,,
--,--,--,International Assistance Programs    ,,
--,--,--,International Monetary Programs    ,,
--,--,--,International Security Assistance ,,
--,--,--,Military Sales Program,,
--,--,--,Multilateral Assistance,,
--,--,--,Independent Payment Advisory Board    ,,
--,--,--,Indian Law and Order Commission    ,,
--,--,--,Institute of American Indian and Alaska Native Culture and Arts Development,,
--,--,--,Botanic Garden    ,,
--,--,--,Joint Items    ,,
--,--,--,Legislative Branch Boards and Commissions    ,,
--,--,--,Office of the Federal Coordinator for Alaska Natural Gas Transportation,,