name,type,dod_aggregate,agency_subelement,employment
DEPARTMENT OF THE AIR FORCE,Cabinet Level Agencies,D+-DEPARTMENT OF DEFENSE,AIR FORCE MANAGEMENT ENGINEERING AGENCY,1
DEPARTMENT OF THE AIR FORCE,Cabinet Level Agencies,D+-DEPARTMENT OF DEFENSE,AIR FORCE INSPECTION AND SAFETY CENTER,34
DEPARTMENT OF THE AIR FORCE,Cabinet Level Agencies,D+-DEPARTMENT OF DEFENSE,AIR FORCE OPERATIONAL TEST AND EVALUATION CENTER,153
DEPARTMENT OF THE AIR FORCE,Cabinet Level Agencies,D+-DEPARTMENT OF DEFENSE,AIR FORCE COMMUNICATIONS AGENCY,244
DEPARTMENT OF THE AIR FORCE,Cabinet Level Agencies,D+-DEPARTMENT OF DEFENSE,AIR FORCE INTELLIGENCE SERVICE,47
DEPARTMENT OF THE AIR FORCE,Cabinet Level Agencies,D+-DEPARTMENT OF DEFENSE,AIR FORCE AUDIT AGENCY,736
DEPARTMENT OF THE AIR FORCE,Cabinet Level Agencies,D+-DEPARTMENT OF DEFENSE,AIR FORCE OFFICE OF SPECIAL INVESTIGATIONS,605
DEPARTMENT OF THE AIR FORCE,Cabinet Level Agencies,D+-DEPARTMENT OF DEFENSE,AIR FORCE OFFICE OF SECURITY POLICE,36
DEPARTMENT OF THE AIR FORCE,Cabinet Level Agencies,D+-DEPARTMENT OF DEFENSE,AIR FORCE PERSONNEL CENTER,817
DEPARTMENT OF THE AIR FORCE,Cabinet Level Agencies,D+-DEPARTMENT OF DEFENSE,U.S. AIR FORCE ACADEMY,1406
DEPARTMENT OF THE AIR FORCE,Cabinet Level Agencies,D+-DEPARTMENT OF DEFENSE,"U.S. AIR FORCES, EUROPE",1741
DEPARTMENT OF THE AIR FORCE,Cabinet Level Agencies,D+-DEPARTMENT OF DEFENSE,AIR EDUCATION AND TRAINING COMMAND,14887
DEPARTMENT OF THE AIR FORCE,Cabinet Level Agencies,D+-DEPARTMENT OF DEFENSE,"HEADQUARTERS, AIR FORCE RESERVE",12969
DEPARTMENT OF THE AIR FORCE,Cabinet Level Agencies,D+-DEPARTMENT OF DEFENSE,"IMMEDIATE OFFICE, HEADQUARTERS, USAF",965
DEPARTMENT OF THE AIR FORCE,Cabinet Level Agencies,D+-DEPARTMENT OF DEFENSE,PACIFIC AIR FORCES,3228
DEPARTMENT OF THE AIR FORCE,Cabinet Level Agencies,D+-DEPARTMENT OF DEFENSE,"AIR FORCE INTELLIGENCE, SURVEILLANCE, & RECONNAISSANCE AGENCY",1832
DEPARTMENT OF THE AIR FORCE,Cabinet Level Agencies,D+-DEPARTMENT OF DEFENSE,AIR FORCE SPECIAL OPERATIONS COMMAND,1548
DEPARTMENT OF THE AIR FORCE,Cabinet Level Agencies,D+-DEPARTMENT OF DEFENSE,AIR FORCE MANPOWER AGENCY,294
DEPARTMENT OF THE AIR FORCE,Cabinet Level Agencies,D+-DEPARTMENT OF DEFENSE,AIR FORCE PUBLIC AFFAIRS AGENCY,20
DEPARTMENT OF THE AIR FORCE,Cabinet Level Agencies,D+-DEPARTMENT OF DEFENSE,HQ USAF AND SUPPORT ELEMENTS,16
DEPARTMENT OF THE AIR FORCE,Cabinet Level Agencies,D+-DEPARTMENT OF DEFENSE,"AIR FORCE C2 & INTELLIGENCE, SURVEILLANCE & RECONNAISSANCE",50
DEPARTMENT OF THE AIR FORCE,Cabinet Level Agencies,D+-DEPARTMENT OF DEFENSE,AIR COMBAT COMMAND,10441
DEPARTMENT OF THE AIR FORCE,Cabinet Level Agencies,D+-DEPARTMENT OF DEFENSE,AIR FORCE LOGISTICS MANAGEMENT AGENCY,16
DEPARTMENT OF THE AIR FORCE,Cabinet Level Agencies,D+-DEPARTMENT OF DEFENSE,AIR MOBILITY COMMAND,9037
DEPARTMENT OF THE AIR FORCE,Cabinet Level Agencies,D+-DEPARTMENT OF DEFENSE,AIR FORCE MATERIEL COMMAND,59691
DEPARTMENT OF THE AIR FORCE,Cabinet Level Agencies,D+-DEPARTMENT OF DEFENSE,AIR FORCE REAL PROPERTY AGENCY,90
DEPARTMENT OF THE AIR FORCE,Cabinet Level Agencies,D+-DEPARTMENT OF DEFENSE,HQ AF FLIGHT STANDARDS AGENCY,49
DEPARTMENT OF THE AIR FORCE,Cabinet Level Agencies,D+-DEPARTMENT OF DEFENSE,"AIR FORCE ELEMENTS, U.S. AFRICA COMMAND",1
DEPARTMENT OF THE AIR FORCE,Cabinet Level Agencies,D+-DEPARTMENT OF DEFENSE,SPACE COMMAND,7422
DEPARTMENT OF THE AIR FORCE,Cabinet Level Agencies,D+-DEPARTMENT OF DEFENSE,AIR FORCE ENGINEERING AND SERVICES CENTER,124
DEPARTMENT OF THE AIR FORCE,Cabinet Level Agencies,D+-DEPARTMENT OF DEFENSE,AIR FORCE CIVILIAN CAREER TRAINING,1852
DEPARTMENT OF THE AIR FORCE,Cabinet Level Agencies,D+-DEPARTMENT OF DEFENSE,AIR FORCE AGENCY FOR MODELING/SIMULATION,10
DEPARTMENT OF THE AIR FORCE,Cabinet Level Agencies,D+-DEPARTMENT OF DEFENSE,AIR FORCE NUCLEAR WEAPONS AGENCY,1
DEPARTMENT OF THE AIR FORCE,Cabinet Level Agencies,D+-DEPARTMENT OF DEFENSE,HQ USAF DIRECT SUPPORT ELEMENT,481
DEPARTMENT OF THE AIR FORCE,Cabinet Level Agencies,D+-DEPARTMENT OF DEFENSE,AF,423
DEPARTMENT OF THE AIR FORCE,Cabinet Level Agencies,D+-DEPARTMENT OF DEFENSE,AIR FORCE COST CENTER,113
DEPARTMENT OF THE AIR FORCE,Cabinet Level Agencies,D+-DEPARTMENT OF DEFENSE,AIR FORCE PERSONNEL OPERATIONS AGENCY,41
DEPARTMENT OF THE AIR FORCE,Cabinet Level Agencies,D+-DEPARTMENT OF DEFENSE,AIR FORCE LEGAL SERVICES CENTER,246
DEPARTMENT OF THE AIR FORCE,Cabinet Level Agencies,D+-DEPARTMENT OF DEFENSE,AIR FORCE MEDICAL SERVICES CENTER,59
DEPARTMENT OF THE AIR FORCE,Cabinet Level Agencies,D+-DEPARTMENT OF DEFENSE,AIR FORCE SERVICE INFORMATION AND NEWS CENTER,4
DEPARTMENT OF THE AIR FORCE,Cabinet Level Agencies,D+-DEPARTMENT OF DEFENSE,AIR NATIONAL GUARD SUPPORT CENTER,575
DEPARTMENT OF THE AIR FORCE,Cabinet Level Agencies,D+-DEPARTMENT OF DEFENSE,U.S. AIR FORCE HISTORICAL RESEARCH CENTER,57
DEPARTMENT OF THE AIR FORCE,Cabinet Level Agencies,D+-DEPARTMENT OF DEFENSE,AIR FORCE TECHNICAL APPLICATIONS CENTER,300
DEPARTMENT OF THE AIR FORCE,Cabinet Level Agencies,D+-DEPARTMENT OF DEFENSE,AIR FORCE REVIEW BOARDS OFFICE,53
DEPARTMENT OF THE AIR FORCE,Cabinet Level Agencies,D+-DEPARTMENT OF DEFENSE,AIR FORCE CENTER FOR STUDIES AND ANALYSES,1
DEPARTMENT OF THE AIR FORCE,Cabinet Level Agencies,D+-DEPARTMENT OF DEFENSE,AIR WEATHER SERVICE,216
DEPARTMENT OF THE AIR FORCE,Cabinet Level Agencies,D+-DEPARTMENT OF DEFENSE,AIR FORCE PROGRAM EXECUTIVE OFFICE,19
DEPARTMENT OF THE AIR FORCE,Cabinet Level Agencies,D+-DEPARTMENT OF DEFENSE,HQ NORAD,57
DEPARTMENT OF THE AIR FORCE,Cabinet Level Agencies,D+-DEPARTMENT OF DEFENSE,AIR FORCE SUPPLY CENTER,73
DEPARTMENT OF THE AIR FORCE,Cabinet Level Agencies,D+-DEPARTMENT OF DEFENSE,"AIR FORCE MORALE, WELFARE AND RECREATION CENTER",164
DEPARTMENT OF THE AIR FORCE,Cabinet Level Agencies,D+-DEPARTMENT OF DEFENSE,11TH WING,1
DEPARTMENT OF THE AIR FORCE,Cabinet Level Agencies,D+-DEPARTMENT OF DEFENSE,HQ AIR FORCE MEDICAL OPERATIONS AGENCY,120
DEPARTMENT OF THE AIR FORCE,Cabinet Level Agencies,D+-DEPARTMENT OF DEFENSE,AIR NATIONAL GUARD UNITS (MOBILIZATION) (TITLE 5),676
DEPARTMENT OF THE AIR FORCE,Cabinet Level Agencies,D+-DEPARTMENT OF DEFENSE,"AIR FORCE ELEMENTS, U.S. CENTRAL COMMAND",219
DEPARTMENT OF THE AIR FORCE,Cabinet Level Agencies,D+-DEPARTMENT OF DEFENSE,"AIR FORCE ELEMENTS, U.S. SPECIAL OPERATIONS COMMAND",829
DEPARTMENT OF THE AIR FORCE,Cabinet Level Agencies,D+-DEPARTMENT OF DEFENSE,"AIR FORCE ELEMENTS, U.S. ATLANTIC COMMAND",145
DEPARTMENT OF THE AIR FORCE,Cabinet Level Agencies,D+-DEPARTMENT OF DEFENSE,"AIR FORCE ELEMENTS, U.S. STRATEGIC COMMAND",1062
DEPARTMENT OF THE AIR FORCE,Cabinet Level Agencies,D+-DEPARTMENT OF DEFENSE,"AIR FORCE ELEMENTS, U.S. TRANSPORTATION COMMAND",470
DEPARTMENT OF THE AIR FORCE,Cabinet Level Agencies,D+-DEPARTMENT OF DEFENSE,"AIR FORCE ELEMENTS, OTHER THAN EUROPE",473
DEPARTMENT OF THE AIR FORCE,Cabinet Level Agencies,D+-DEPARTMENT OF DEFENSE,AIR FORCE CENTER FOR ENVIRONMENTAL EXCELLENCE,487
DEPARTMENT OF THE AIR FORCE,Cabinet Level Agencies,D+-DEPARTMENT OF DEFENSE,"AIR FORCE ELEMENTS, U.S. NORTHERN COMMAND",539
DEPARTMENT OF THE AIR FORCE,Cabinet Level Agencies,D+-DEPARTMENT OF DEFENSE,AIR FORCE DISTRICT OF WASHINGTON,1353
DEPARTMENT OF THE AIR FORCE,Cabinet Level Agencies,D+-DEPARTMENT OF DEFENSE,AIR FORCE FINANCIAL SERVICES,69
DEPARTMENT OF THE AIR FORCE,Cabinet Level Agencies,D+-DEPARTMENT OF DEFENSE,AIR FORCE PETROLEUM AGENCY,45
DEPARTMENT OF THE AIR FORCE,Cabinet Level Agencies,D+-DEPARTMENT OF DEFENSE,AIR FORCE GLOBAL STRIKE COMMAND,649
DEPARTMENT OF THE AIR FORCE,Cabinet Level Agencies,D+-DEPARTMENT OF DEFENSE,AIR NATIONAL GUARD UNITS (TITLE 32),22575
DEPARTMENT OF THE AIR FORCE,Cabinet Level Agencies,D+-DEPARTMENT OF DEFENSE,"U.S. SPECIAL OPERATIONS COMMAND (ANG, TITLE 32)",285
DEPARTMENT OF THE ARMY,Cabinet Level Agencies,D+-DEPARTMENT OF DEFENSE,UNSPECIFIED,3
DEPARTMENT OF THE ARMY,Cabinet Level Agencies,D+-DEPARTMENT OF DEFENSE,U.S. ARMY CENTRAL,297
DEPARTMENT OF THE ARMY,Cabinet Level Agencies,D+-DEPARTMENT OF DEFENSE,U.S. ARMY NORTH,328
DEPARTMENT OF THE ARMY,Cabinet Level Agencies,D+-DEPARTMENT OF DEFENSE,U. S. ARMY ACCESSION COMMAND,407
DEPARTMENT OF THE ARMY,Cabinet Level Agencies,D+-DEPARTMENT OF DEFENSE,U.S. ARMY CONTRACTING AGENCY,6
DEPARTMENT OF THE ARMY,Cabinet Level Agencies,D+-DEPARTMENT OF DEFENSE,U.S. ARMY ACQUISITION SUPPORT CENTER,4570
DEPARTMENT OF THE ARMY,Cabinet Level Agencies,D+-DEPARTMENT OF DEFENSE,U. S. MILITARY ENTRANCE PROCESSING COMMAND,267
DEPARTMENT OF THE ARMY,Cabinet Level Agencies,D+-DEPARTMENT OF DEFENSE,U.S. ARMY INTELLIGENCE AND SECURITY COMMAND,2364
DEPARTMENT OF THE ARMY,Cabinet Level Agencies,D+-DEPARTMENT OF DEFENSE,U.S. ARMY TEST AND EVALUATION COMMAND,4473
DEPARTMENT OF THE ARMY,Cabinet Level Agencies,D+-DEPARTMENT OF DEFENSE,U.S. ARMY INSTALLATION MANAGEMENT COMMAND,37287
DEPARTMENT OF THE ARMY,Cabinet Level Agencies,D+-DEPARTMENT OF DEFENSE,U.S. ARMY CRIMINAL INVESTIGATION COMMAND,709
DEPARTMENT OF THE ARMY,Cabinet Level Agencies,D+-DEPARTMENT OF DEFENSE,U.S. ARMY CORPS OF ENGINEERS,36797
DEPARTMENT OF THE ARMY,Cabinet Level Agencies,D+-DEPARTMENT OF DEFENSE,IMMEDIATE OFFICE OF THE CHIEF OF STAFF OF THE ARMY,1715
DEPARTMENT OF THE ARMY,Cabinet Level Agencies,D+-DEPARTMENT OF DEFENSE,IMMEDIATE OFFICE OF THE COMMANDER,1152
DEPARTMENT OF THE ARMY,Cabinet Level Agencies,D+-DEPARTMENT OF DEFENSE,21ST THEATER ARMY AREA COMMAND,340
DEPARTMENT OF THE ARMY,Cabinet Level Agencies,D+-DEPARTMENT OF DEFENSE,U.S. ARMY V CORPS,31
DEPARTMENT OF THE ARMY,Cabinet Level Agencies,D+-DEPARTMENT OF DEFENSE,SEVENTH ARMY TRAINING COMMAND,308
DEPARTMENT OF THE ARMY,Cabinet Level Agencies,D+-DEPARTMENT OF DEFENSE,U.S. ARMY FORCES COMMAND,3493
DEPARTMENT OF THE ARMY,Cabinet Level Agencies,D+-DEPARTMENT OF DEFENSE,U.S. ARMY NETWORK ENTERPRISE TECHNOLOGY COMMAND/9TH ARMY SIGNAL COMMAND,4105
DEPARTMENT OF THE ARMY,Cabinet Level Agencies,D+-DEPARTMENT OF DEFENSE,OFFICE OF THE CHIEF OF THE NATIONAL GUARD BUREAU,413
DEPARTMENT OF THE ARMY,Cabinet Level Agencies,D+-DEPARTMENT OF DEFENSE,U.S. ARMY RESERVE COMMAND,8485
DEPARTMENT OF THE ARMY,Cabinet Level Agencies,D+-DEPARTMENT OF DEFENSE,U.S. ARMY ELEMENT SHAPE,177
DEPARTMENT OF THE ARMY,Cabinet Level Agencies,D+-DEPARTMENT OF DEFENSE,JOINT ACTIVITIES,1997
DEPARTMENT OF THE ARMY,Cabinet Level Agencies,D+-DEPARTMENT OF DEFENSE,U.S. MILITARY ACADEMY,764
DEPARTMENT OF THE ARMY,Cabinet Level Agencies,D+-DEPARTMENT OF DEFENSE,U.S. ARMY MEDICAL COMMAND,40154
DEPARTMENT OF THE ARMY,Cabinet Level Agencies,D+-DEPARTMENT OF DEFENSE,U.S. ARMY MILITARY DISTRICT OF WASHINGTON,419
DEPARTMENT OF THE ARMY,Cabinet Level Agencies,D+-DEPARTMENT OF DEFENSE,ARMY NATIONAL GUARD UNITS (TITLE 32),30451
DEPARTMENT OF THE ARMY,Cabinet Level Agencies,D+-DEPARTMENT OF DEFENSE,"U.S. ARMY, PACIFIC",803
DEPARTMENT OF THE ARMY,Cabinet Level Agencies,D+-DEPARTMENT OF DEFENSE,EIGHTH U.S. ARMY,664
DEPARTMENT OF THE ARMY,Cabinet Level Agencies,D+-DEPARTMENT OF DEFENSE,OFFICE OF THE SECRETARY OF THE ARMY,1091
DEPARTMENT OF THE ARMY,Cabinet Level Agencies,D+-DEPARTMENT OF DEFENSE,FIELD OPERATING OFFICES OF THE OFFICE OF THE SECRETARY OF THE ARMY,3178
DEPARTMENT OF THE ARMY,Cabinet Level Agencies,D+-DEPARTMENT OF DEFENSE,U. S. ARMY SPACE AND MISSILE DEFENSE COMMAND/U. S. ARMY FORCES STRATEGIC COMMAND,920
DEPARTMENT OF THE ARMY,Cabinet Level Agencies,D+-DEPARTMENT OF DEFENSE,HQDA FIELD OPERATING AGENCIES AND STAFF SUPPORT AGENCIES AND STAFF SUPPORT AGENCIES,6730
DEPARTMENT OF THE ARMY,Cabinet Level Agencies,D+-DEPARTMENT OF DEFENSE,MISCELLANEOUS FIELD OPERATING AGENCIES,43
DEPARTMENT OF THE ARMY,Cabinet Level Agencies,D+-DEPARTMENT OF DEFENSE,"JOINT SERVICES AND ACTIVITIES SUPPORTED BY THE OFFICE, SECRETARY OF THE ARMY",1293
DEPARTMENT OF THE ARMY,Cabinet Level Agencies,D+-DEPARTMENT OF DEFENSE,U.S. ARMY SOUTH,287
DEPARTMENT OF THE ARMY,Cabinet Level Agencies,D+-DEPARTMENT OF DEFENSE,U.S. SPECIAL OPERATIONS COMMAND (ARMY),1691
DEPARTMENT OF THE ARMY,Cabinet Level Agencies,D+-DEPARTMENT OF DEFENSE,U.S. ARMY ACCESSIONS COMMAND,2561
DEPARTMENT OF THE ARMY,Cabinet Level Agencies,D+-DEPARTMENT OF DEFENSE,U.S. ARMY TRAINING AND DOCTRINE COMMAND,13327
DEPARTMENT OF THE ARMY,Cabinet Level Agencies,D+-DEPARTMENT OF DEFENSE,U.S. MILITARY ENTRANCE PROCESSING COMMAND,1905
DEPARTMENT OF THE ARMY,Cabinet Level Agencies,D+-DEPARTMENT OF DEFENSE,U.S. ARMY WAR COLLEGE,383
DEPARTMENT OF THE ARMY,Cabinet Level Agencies,D+-DEPARTMENT OF DEFENSE,"HEADQUARTERS, AMC",700
DEPARTMENT OF THE ARMY,Cabinet Level Agencies,D+-DEPARTMENT OF DEFENSE,"TRAINING ACTIVITIES, AMC",180
DEPARTMENT OF THE ARMY,Cabinet Level Agencies,D+-DEPARTMENT OF DEFENSE,U.S. ARMY AVIATION AND MISSILE COMMAND,9085
DEPARTMENT OF THE ARMY,Cabinet Level Agencies,D+-DEPARTMENT OF DEFENSE,U.S. ARMY TANK,15444
DEPARTMENT OF THE ARMY,Cabinet Level Agencies,D+-DEPARTMENT OF DEFENSE,U.S. ARMY COMMUNICATIONS ELECTRONICS COMMAND,8482
DEPARTMENT OF THE ARMY,Cabinet Level Agencies,D+-DEPARTMENT OF DEFENSE,U.S. ARMY CHEMICAL MATERIALS AGENCY,1432
DEPARTMENT OF THE ARMY,Cabinet Level Agencies,D+-DEPARTMENT OF DEFENSE,U.S. ARMY SUSTAINMENT COMMAND,1203
DEPARTMENT OF THE ARMY,Cabinet Level Agencies,D+-DEPARTMENT OF DEFENSE,U. S. ARMY CONTRACTING COMMAND,5098
DEPARTMENT OF THE ARMY,Cabinet Level Agencies,D+-DEPARTMENT OF DEFENSE,MATERIEL ACQUISITION ACTIVITIES,123
DEPARTMENT OF THE ARMY,Cabinet Level Agencies,D+-DEPARTMENT OF DEFENSE,U.S. ARMY SECURITY ASSISTANCE COMMAND,460
DEPARTMENT OF THE ARMY,Cabinet Level Agencies,D+-DEPARTMENT OF DEFENSE,U.S. ARMY JOINT MUNITIONS COMMAND,6519
DEPARTMENT OF THE ARMY,Cabinet Level Agencies,D+-DEPARTMENT OF DEFENSE,"U.S. ARMY RESEARCH, DEVELOPMENT AND ENGINEERING COMMAND",15137
DEPARTMENT OF THE ARMY,Cabinet Level Agencies,D+-DEPARTMENT OF DEFENSE,U.S. ARMY MILITARY SURFACE DEPLOYMENT AND DISTRIBUTION COMMAND,1312
DEPARTMENT OF THE ARMY,Cabinet Level Agencies,D+-DEPARTMENT OF DEFENSE,MATERIEL READINESS ACTIVITIES,339
DEPARTMENT OF DEFENSE,Cabinet Level Agencies,D+-DEPARTMENT OF DEFENSE,OFFICE OF THE SECRETARY OF DEFENSE,1830
DEPARTMENT OF DEFENSE,Cabinet Level Agencies,D+-DEPARTMENT OF DEFENSE,ORGANIZATION OF THE JOINT CHIEFS OF STAFF,224
DEPARTMENT OF DEFENSE,Cabinet Level Agencies,D+-DEPARTMENT OF DEFENSE,DEFENSE INFORMATION SYSTEMS AGENCY,5611
DEPARTMENT OF DEFENSE,Cabinet Level Agencies,D+-DEPARTMENT OF DEFENSE,DEFENSE SECURITY COOPERATION AGENCY,542
DEPARTMENT OF DEFENSE,Cabinet Level Agencies,D+-DEPARTMENT OF DEFENSE,DEFENSE LOGISTICS AGENCY,25105
DEPARTMENT OF DEFENSE,Cabinet Level Agencies,D+-DEPARTMENT OF DEFENSE,U.S. COURT OF APPEALS FOR THE ARMED FORCES,60
DEPARTMENT OF DEFENSE,Cabinet Level Agencies,D+-DEPARTMENT OF DEFENSE,DEFENSE CONTRACT AUDIT AGENCY,4332
DEPARTMENT OF DEFENSE,Cabinet Level Agencies,D+-DEPARTMENT OF DEFENSE,DEFENSE SECURITY SERVICE,754
DEPARTMENT OF DEFENSE,Cabinet Level Agencies,D+-DEPARTMENT OF DEFENSE,DEFENSE ADVANCED RESEARCH PROJECTS AGENCY,159
DEPARTMENT OF DEFENSE,Cabinet Level Agencies,D+-DEPARTMENT OF DEFENSE,DEPARTMENT OF DEFENSE EDUCATION ACTIVITY,15629
DEPARTMENT OF DEFENSE,Cabinet Level Agencies,D+-DEPARTMENT OF DEFENSE,WASHINGTON HEADQUARTERS SERVICES,1481
DEPARTMENT OF DEFENSE,Cabinet Level Agencies,D+-DEPARTMENT OF DEFENSE,OFFICE OF LOCAL DEFENSE COMMUNITY COOPERATION,38
DEPARTMENT OF DEFENSE,Cabinet Level Agencies,D+-DEPARTMENT OF DEFENSE,DEFENSE LEGAL SERVICES AGENCY,256
DEPARTMENT OF DEFENSE,Cabinet Level Agencies,D+-DEPARTMENT OF DEFENSE,OFFICE OF THE INSPECTOR GENERAL,1606
DEPARTMENT OF DEFENSE,Cabinet Level Agencies,D+-DEPARTMENT OF DEFENSE,MISSILE DEFENSE AGENCY,1520
DEPARTMENT OF DEFENSE,Cabinet Level Agencies,D+-DEPARTMENT OF DEFENSE,DEFENSE TECHNOLOGY SECURITY ADMINISTRATION,130
DEPARTMENT OF DEFENSE,Cabinet Level Agencies,D+-DEPARTMENT OF DEFENSE,DEFENSE COMMISSARY AGENCY,15793
DEPARTMENT OF DEFENSE,Cabinet Level Agencies,D+-DEPARTMENT OF DEFENSE,DEFENSE FINANCE AND ACCOUNTING SERVICE,12247
DEPARTMENT OF DEFENSE,Cabinet Level Agencies,D+-DEPARTMENT OF DEFENSE,DEFENSE HUMAN RESOURCES ACTIVITY,1081
DEPARTMENT OF DEFENSE,Cabinet Level Agencies,D+-DEPARTMENT OF DEFENSE,DEFENSE PRISONER OF WAR/MISSING PERSONNEL OFFICE,64
DEPARTMENT OF DEFENSE,Cabinet Level Agencies,D+-DEPARTMENT OF DEFENSE,TRICARE MANAGEMENT ACTIVITY,1464
DEPARTMENT OF DEFENSE,Cabinet Level Agencies,D+-DEPARTMENT OF DEFENSE,DEFENSE THREAT REDUCTION AGENCY,1230
DEPARTMENT OF DEFENSE,Cabinet Level Agencies,D+-DEPARTMENT OF DEFENSE,DEFENSE CONTRACT MANAGEMENT AGENCY,10160
DEPARTMENT OF DEFENSE,Cabinet Level Agencies,D+-DEPARTMENT OF DEFENSE,PENTAGON FORCE PROTECTION AGENCY,1163
DEPARTMENT OF DEFENSE,Cabinet Level Agencies,D+-DEPARTMENT OF DEFENSE,DEPARTMENT OF DEFENSE TEST RESOURCE MANAGEMENT CENTER,27
DEPARTMENT OF DEFENSE,Cabinet Level Agencies,D+-DEPARTMENT OF DEFENSE,NATIONAL DEFENSE UNIVERSITY,572
DEPARTMENT OF DEFENSE,Cabinet Level Agencies,D+-DEPARTMENT OF DEFENSE,DEFENSE TECHNICAL INFORMATION CENTER,286
DEPARTMENT OF DEFENSE,Cabinet Level Agencies,D+-DEPARTMENT OF DEFENSE,BUSINESS TRANSFORMATION AGENCY,329
DEPARTMENT OF DEFENSE,Cabinet Level Agencies,D+-DEPARTMENT OF DEFENSE,DEFENSE MEDIA ACTIVITY,538
DEPARTMENT OF THE NAVY,Cabinet Level Agencies,D+-DEPARTMENT OF DEFENSE,IMMEDIATE OFFICE OF THE CHIEF OF NAVAL OPERATIONS,4976
DEPARTMENT OF THE NAVY,Cabinet Level Agencies,D+-DEPARTMENT OF DEFENSE,"ASSISTANT FOR ADMINISTRATION, UNDER SECRETARY OF THE NAVY",4947
DEPARTMENT OF THE NAVY,Cabinet Level Agencies,D+-DEPARTMENT OF DEFENSE,OFFICE OF NAVAL RESEARCH,2965
DEPARTMENT OF THE NAVY,Cabinet Level Agencies,D+-DEPARTMENT OF DEFENSE,NAVAL INTELLIGENCE COMMAND,1720
DEPARTMENT OF THE NAVY,Cabinet Level Agencies,D+-DEPARTMENT OF DEFENSE,NAVAL MEDICAL COMMAND,12637
DEPARTMENT OF THE NAVY,Cabinet Level Agencies,D+-DEPARTMENT OF DEFENSE,NAVAL AIR SYSTEMS COMMAND,23770
DEPARTMENT OF THE NAVY,Cabinet Level Agencies,D+-DEPARTMENT OF DEFENSE,BUREAU OF NAVAL PERSONNEL,1700
DEPARTMENT OF THE NAVY,Cabinet Level Agencies,D+-DEPARTMENT OF DEFENSE,NAVAL SUPPLY SYSTEMS COMMAND,6690
DEPARTMENT OF THE NAVY,Cabinet Level Agencies,D+-DEPARTMENT OF DEFENSE,NAVAL SEA SYSTEMS COMMAND,25011
DEPARTMENT OF THE NAVY,Cabinet Level Agencies,D+-DEPARTMENT OF DEFENSE,NAVAL FACILITIES ENGINEERING COMMAND,15453
DEPARTMENT OF THE NAVY,Cabinet Level Agencies,D+-DEPARTMENT OF DEFENSE,U.S. MARINE CORPS,19199
DEPARTMENT OF THE NAVY,Cabinet Level Agencies,D+-DEPARTMENT OF DEFENSE,STRATEGIC SYSTEMS PROGRAMS OFFICE,960
DEPARTMENT OF THE NAVY,Cabinet Level Agencies,D+-DEPARTMENT OF DEFENSE,MILITARY SEALIFT COMMAND,6084
DEPARTMENT OF THE NAVY,Cabinet Level Agencies,D+-DEPARTMENT OF DEFENSE,SPACE AND NAVAL WARFARE SYSTEMS COMMAND,8128
DEPARTMENT OF THE NAVY,Cabinet Level Agencies,D+-DEPARTMENT OF DEFENSE,NAVY SYSTEMS MANAGEMENT ACTIVITY,560
DEPARTMENT OF THE NAVY,Cabinet Level Agencies,D+-DEPARTMENT OF DEFENSE,"COMMANDER, NAVY INSTALLATIONS",14259
DEPARTMENT OF THE NAVY,Cabinet Level Agencies,D+-DEPARTMENT OF DEFENSE,"U.S. ATLANTIC FLEET, COMMANDER IN CHIEF",18652
DEPARTMENT OF THE NAVY,Cabinet Level Agencies,D+-DEPARTMENT OF DEFENSE,"U.S. PACIFIC FLEET, COMMANDER IN CHIEF",17231
DEPARTMENT OF THE NAVY,Cabinet Level Agencies,D+-DEPARTMENT OF DEFENSE,NAVAL RESERVE FORCE,467
DEPARTMENT OF THE NAVY,Cabinet Level Agencies,D+-DEPARTMENT OF DEFENSE,NAVAL SPECIAL WARFARE COMMAND,1058
DEPARTMENT OF THE NAVY,Cabinet Level Agencies,D+-DEPARTMENT OF DEFENSE,NAVAL EDUCATION AND TRAINING COMMAND,4287
DEPARTMENT OF AGRICULTURE,Cabinet Level Agencies,,OFFICE OF THE SECRETARY OF AGRICULTURE,102
DEPARTMENT OF AGRICULTURE,Cabinet Level Agencies,,AGRICULTURAL MARKETING SERVICE,4404
DEPARTMENT OF AGRICULTURE,Cabinet Level Agencies,,AGRICULTURAL RESEARCH SERVICE,8903
DEPARTMENT OF AGRICULTURE,Cabinet Level Agencies,,RURAL HOUSING SERVICE,5647
DEPARTMENT OF AGRICULTURE,Cabinet Level Agencies,,RISK MANAGEMENT AGENCY,508
DEPARTMENT OF AGRICULTURE,Cabinet Level Agencies,,FOREIGN AGRICULTURAL SERVICE,897
DEPARTMENT OF AGRICULTURE,Cabinet Level Agencies,,FOREST SERVICE,31927
DEPARTMENT OF AGRICULTURE,Cabinet Level Agencies,,OFFICE OF COMMUNICATIONS,95
DEPARTMENT OF AGRICULTURE,Cabinet Level Agencies,,OFFICE OF THE GENERAL COUNSEL,319
DEPARTMENT OF AGRICULTURE,Cabinet Level Agencies,,RURAL UTILITIES SERVICE,367
DEPARTMENT OF AGRICULTURE,Cabinet Level Agencies,,NATURAL RESOURCES CONSERVATION SERVICE,11671
DEPARTMENT OF AGRICULTURE,Cabinet Level Agencies,,ECONOMIC RESEARCH SERVICE,388
DEPARTMENT OF AGRICULTURE,Cabinet Level Agencies,,NATIONAL AGRICULTURAL STATISTICS SERVICE,1084
DEPARTMENT OF AGRICULTURE,Cabinet Level Agencies,,NATIONAL INSTITUTE OF FOOD AND AGRICULTURE,395
DEPARTMENT OF AGRICULTURE,Cabinet Level Agencies,,OFFICE OF THE INSPECTOR GENERAL,586
DEPARTMENT OF AGRICULTURE,Cabinet Level Agencies,,FOOD AND NUTRITION SERVICE,1346
DEPARTMENT OF AGRICULTURE,Cabinet Level Agencies,,RURAL BUSINESS,88
DEPARTMENT OF AGRICULTURE,Cabinet Level Agencies,,ANIMAL AND PLANT HEALTH INSPECTION SERVICE,8635
DEPARTMENT OF AGRICULTURE,Cabinet Level Agencies,,"GRAIN INSPECTION, PACKERS AND STOCKYARDS ADMINISTRATION",806
DEPARTMENT OF AGRICULTURE,Cabinet Level Agencies,,FOOD SAFETY AND INSPECTION SERVICE,10009
DEPARTMENT OF AGRICULTURE,Cabinet Level Agencies,,OFFICE OF THE CHIEF ECONOMIST,56
DEPARTMENT OF AGRICULTURE,Cabinet Level Agencies,,OFFICE OF BUDGET AND PROGRAM ANALYSIS,51
DEPARTMENT OF AGRICULTURE,Cabinet Level Agencies,,OFFICE OF THE CHIEF FINANCIAL OFFICER,1222
DEPARTMENT OF AGRICULTURE,Cabinet Level Agencies,,CIVIL RIGHTS,177
DEPARTMENT OF AGRICULTURE,Cabinet Level Agencies,,DEPARTMENTAL ADMINISTRATION,503
DEPARTMENT OF AGRICULTURE,Cabinet Level Agencies,,OFFICE OF THE EXECUTIVE SECRETARIAT,21
DEPARTMENT OF AGRICULTURE,Cabinet Level Agencies,,FARM SERVICE AGENCY,5074
DEPARTMENT OF AGRICULTURE,Cabinet Level Agencies,,HOMELAND SECURITY STAFF,1
DEPARTMENT OF AGRICULTURE,Cabinet Level Agencies,,OFFICE OF THE CHIEF INFORMATION OFFICER,962
DEPARTMENT OF AGRICULTURE,Cabinet Level Agencies,,NATIONAL APPEALS DIVISION,96
DEPARTMENT OF COMMERCE,Cabinet Level Agencies,,OFFICE OF THE SECRETARY,871
DEPARTMENT OF COMMERCE,Cabinet Level Agencies,,ECONOMIC DEVELOPMENT ADMINISTRATION,202
DEPARTMENT OF COMMERCE,Cabinet Level Agencies,,BUREAU OF ECONOMIC ANALYSIS,533
DEPARTMENT OF COMMERCE,Cabinet Level Agencies,,NATIONAL OCEANIC AND ATMOSPHERIC ADMINISTRATION,12909
DEPARTMENT OF COMMERCE,Cabinet Level Agencies,,INTERNATIONAL TRADE ADMINISTRATION,1549
DEPARTMENT OF COMMERCE,Cabinet Level Agencies,,PATENT AND TRADEMARK OFFICE,9608
DEPARTMENT OF COMMERCE,Cabinet Level Agencies,,NATIONAL INSTITUTE OF STANDARDS AND TECHNOLOGY,3151
DEPARTMENT OF COMMERCE,Cabinet Level Agencies,,MINORITY BUSINESS DEVELOPMENT AGENCY,85
DEPARTMENT OF COMMERCE,Cabinet Level Agencies,,NATIONAL TELECOMMUNICATIONS AND INFORMATION ADMINISTRATION,307
DEPARTMENT OF COMMERCE,Cabinet Level Agencies,,NATIONAL TECHNICAL INFORMATION SERVICE,122
DEPARTMENT OF COMMERCE,Cabinet Level Agencies,,BUREAU OF THE CENSUS,20987
DEPARTMENT OF COMMERCE,Cabinet Level Agencies,,OFFICE OF THE INSPECTOR GENERAL,153
DEPARTMENT OF COMMERCE,Cabinet Level Agencies,,ECONOMICS AND STATISTICS ADMINISTRATION,45
DEPARTMENT OF COMMERCE,Cabinet Level Agencies,,BUREAU OF INDUSTRY AND SECURITY,324
DEPARTMENT OF JUSTICE,Cabinet Level Agencies,,UNSPECIFIED,1
DEPARTMENT OF JUSTICE,Cabinet Level Agencies,,"OFFICES, BOARDS AND DIVISIONS",7357
DEPARTMENT OF JUSTICE,Cabinet Level Agencies,,FEDERAL BUREAU OF INVESTIGATION,33486
DEPARTMENT OF JUSTICE,Cabinet Level Agencies,,BUREAU OF PRISONS/FEDERAL PRISON SYSTEM,37097
DEPARTMENT OF JUSTICE,Cabinet Level Agencies,,DRUG ENFORCEMENT ADMINISTRATION,9623
DEPARTMENT OF JUSTICE,Cabinet Level Agencies,,OFFICE OF JUSTICE PROGRAMS,684
DEPARTMENT OF JUSTICE,Cabinet Level Agencies,,U.S. MARSHALS SERVICE,5048
DEPARTMENT OF JUSTICE,Cabinet Level Agencies,,EXECUTIVE OFFICE FOR U.S. ATTORNEYS AND THE OFFICES OF THE U.S. ATTORNEYS,12157
DEPARTMENT OF JUSTICE,Cabinet Level Agencies,,OFFICE OF THE INSPECTOR GENERAL,452
DEPARTMENT OF JUSTICE,Cabinet Level Agencies,,U.S. TRUSTEE PROGRAM,1274
DEPARTMENT OF JUSTICE,Cabinet Level Agencies,,EXECUTIVE OFFICE FOR IMMIGRATION REVIEW,1350
DEPARTMENT OF JUSTICE,Cabinet Level Agencies,,COMMUNITY RELATIONS SERVICE,46
DEPARTMENT OF JUSTICE,Cabinet Level Agencies,,"BUREAU OF ALCOHOL, TOBACCO, FIREARMS, AND EXPLOSIVES",5119
DEPARTMENT OF LABOR,Cabinet Level Agencies,,OFFICE OF THE SECRETARY OF LABOR,485
DEPARTMENT OF LABOR,Cabinet Level Agencies,,OFFICE OF THE ASSISTANT SECRETARY FOR ADMINISTRATION AND MANAGEMENT,701
DEPARTMENT OF LABOR,Cabinet Level Agencies,,BUREAU OF INTERNATIONAL LABOR AFFAIRS,90
DEPARTMENT OF LABOR,Cabinet Level Agencies,,OFFICE OF CONGRESSIONAL AND INTERGOVERNMENTAL AFFAIRS,23
DEPARTMENT OF LABOR,Cabinet Level Agencies,,OFFICE OF THE CHIEF FINANCIAL OFFICER,90
DEPARTMENT OF LABOR,Cabinet Level Agencies,,OFFICE OF DISABILITY EMPLOYMENT POLICY,48
DEPARTMENT OF LABOR,Cabinet Level Agencies,,EMPLOYMENT STANDARDS ADMINISTRATION,4221
DEPARTMENT OF LABOR,Cabinet Level Agencies,,EMPLOYMENT AND TRAINING ADMINISTRATION,1106
DEPARTMENT OF LABOR,Cabinet Level Agencies,,OFFICE OF THE INSPECTOR GENERAL,432
DEPARTMENT OF LABOR,Cabinet Level Agencies,,BUREAU OF LABOR STATISTICS,2481
DEPARTMENT OF LABOR,Cabinet Level Agencies,,MINE SAFETY AND HEALTH ADMINISTRATION,2400
DEPARTMENT OF LABOR,Cabinet Level Agencies,,OFFICE OF PUBLIC AFFAIRS,57
DEPARTMENT OF LABOR,Cabinet Level Agencies,,OFFICE OF THE ASSISTANT SECRETARY FOR POLICY,37
DEPARTMENT OF LABOR,Cabinet Level Agencies,,EMPLOYEE BENEFITS SECURITY ADMINISTRATION,954
DEPARTMENT OF LABOR,Cabinet Level Agencies,,OCCUPATIONAL SAFETY AND HEALTH ADMINISTRATION,2165
DEPARTMENT OF LABOR,Cabinet Level Agencies,,OFFICE OF THE SOLICITOR,673
DEPARTMENT OF LABOR,Cabinet Level Agencies,,VETERANS EMPLOYMENT AND TRAINING SERVICES,231
DEPARTMENT OF LABOR,Cabinet Level Agencies,,WOMEN'S BUREAU,52
DEPARTMENT OF ENERGY,Cabinet Level Agencies,,DEPARTMENT OF ENERGY,16453
DEPARTMENT OF EDUCATION,Cabinet Level Agencies,,IMMEDIATE OFFICE OF THE SECRETARY OF EDUCATION,134
DEPARTMENT OF EDUCATION,Cabinet Level Agencies,,OFFICE OF THE DUTY SECRETARY OF EDUCATION,14
DEPARTMENT OF EDUCATION,Cabinet Level Agencies,,OFFICE FOR CIVIL RIGHTS,593
DEPARTMENT OF EDUCATION,Cabinet Level Agencies,,"OFFICE OF PLANNING, EVALUATION AND POLICY DEVELOPMENT",139
DEPARTMENT OF EDUCATION,Cabinet Level Agencies,,OFFICE OF THE UNDER SECRETARY,8
DEPARTMENT OF EDUCATION,Cabinet Level Agencies,,OFFICE OF INSPECTOR GENERAL,298
DEPARTMENT OF EDUCATION,Cabinet Level Agencies,,OFFICE OF THE GENERAL COUNSEL,111
DEPARTMENT OF EDUCATION,Cabinet Level Agencies,,OFFICE OF SPECIAL EDUCATION AND REHABILITATIVE SERVICES,279
DEPARTMENT OF EDUCATION,Cabinet Level Agencies,,OFFICE OF THE CHIEF INFORMATION OFFICER,140
DEPARTMENT OF EDUCATION,Cabinet Level Agencies,,OFFICE OF LEGISLATION AND CONGRESSIONAL AFFAIRS,22
DEPARTMENT OF EDUCATION,Cabinet Level Agencies,,OFFICE OF THE CHIEF FINANCIAL OFFICER,186
DEPARTMENT OF EDUCATION,Cabinet Level Agencies,,OFFICE OF MANAGEMENT,198
DEPARTMENT OF EDUCATION,Cabinet Level Agencies,,FEDERAL STUDENT AID,1003
DEPARTMENT OF EDUCATION,Cabinet Level Agencies,,OFFICE OF COMMUNICATIONS AND OUTREACH,111
DEPARTMENT OF EDUCATION,Cabinet Level Agencies,,OFFICE OF POSTSECONDARY EDUCATION,236
DEPARTMENT OF EDUCATION,Cabinet Level Agencies,,OFFICE OF SAFE AND DRUG,53
DEPARTMENT OF EDUCATION,Cabinet Level Agencies,,INSTITUTE OF EDUCATION SCIENCES,191
DEPARTMENT OF EDUCATION,Cabinet Level Agencies,,OFFICE OF ELEMENTARY AND SECONDARY EDUCATION,265
DEPARTMENT OF EDUCATION,Cabinet Level Agencies,,OFFICE OF ENGLISH LANGUAGE ACQUISITION,20
DEPARTMENT OF EDUCATION,Cabinet Level Agencies,,OFFICE OF INNOVATION AND IMPROVEMENT,104
DEPARTMENT OF EDUCATION,Cabinet Level Agencies,,OFFICE OF VOCATIONAL AND ADULT EDUCATION,90
DEPARTMENT OF EDUCATION,Cabinet Level Agencies,,NATIONAL INSTITUTE FOR LITERACY,22
DEPARTMENT OF EDUCATION,Cabinet Level Agencies,,ADVISORY COUNCILS AND COMMITTEES,23
DEPARTMENT OF EDUCATION,Cabinet Level Agencies,,NATIONAL ASSESSMENT GOVERNING BOARD,33
DEPARTMENT OF HEALTH AND HUMAN SERVICES,Cabinet Level Agencies,,OFFICE OF THE SECRETARY OF HEALTH AND HUMAN SERVICES,14040
DEPARTMENT OF HEALTH AND HUMAN SERVICES,Cabinet Level Agencies,,PROGRAM SUPPORT CENTER,1163
DEPARTMENT OF HEALTH AND HUMAN SERVICES,Cabinet Level Agencies,,ADMINISTRATION ON AGING,94
DEPARTMENT OF HEALTH AND HUMAN SERVICES,Cabinet Level Agencies,,OFFICE OF THE ASSISTANT SECRETARY FOR HEALTH,7
DEPARTMENT OF HEALTH AND HUMAN SERVICES,Cabinet Level Agencies,,SUBSTANCE ABUSE AND MENTAL HEALTH SERVICES ADMINISTRATION,520
DEPARTMENT OF HEALTH AND HUMAN SERVICES,Cabinet Level Agencies,,AGENCY FOR HEALTHCARE RESEARCH AND QUALITY,310
DEPARTMENT OF HEALTH AND HUMAN SERVICES,Cabinet Level Agencies,,HEALTH RESOURCES AND SERVICES ADMINISTRATION,1526
DEPARTMENT OF HEALTH AND HUMAN SERVICES,Cabinet Level Agencies,,AGENCY FOR TOXIC SUBSTANCES AND DISEASE REGISTRY,173
DEPARTMENT OF HEALTH AND HUMAN SERVICES,Cabinet Level Agencies,,FOOD AND DRUG ADMINISTRATION,13844
DEPARTMENT OF HEALTH AND HUMAN SERVICES,Cabinet Level Agencies,,INDIAN HEALTH SERVICE,14000
DEPARTMENT OF HEALTH AND HUMAN SERVICES,Cabinet Level Agencies,,NATIONAL INSTITUTES OF HEALTH,19303
DEPARTMENT OF HEALTH AND HUMAN SERVICES,Cabinet Level Agencies,,CENTERS FOR DISEASE CONTROL AND PREVENTION,9417
DEPARTMENT OF HEALTH AND HUMAN SERVICES,Cabinet Level Agencies,,CENTERS FOR MEDICARE & MEDICAID SERVICES,4484
DEPARTMENT OF HEALTH AND HUMAN SERVICES,Cabinet Level Agencies,,ADMINISTRATION FOR CHILDREN AND FAMILIES,1318
DEPARTMENT OF HOMELAND SECURITY,Cabinet Level Agencies,,DHS HEADQUARTERS,2428
DEPARTMENT OF HOMELAND SECURITY,Cabinet Level Agencies,,BUREAU OF CITIZENSHIP AND IMMIGRATION SERVICES,10560
DEPARTMENT OF HOMELAND SECURITY,Cabinet Level Agencies,,U.S. COAST GUARD,8146
DEPARTMENT OF HOMELAND SECURITY,Cabinet Level Agencies,,U.S. SECRET SERVICE,6802
DEPARTMENT OF HOMELAND SECURITY,Cabinet Level Agencies,,OFFICE OF THE INSPECTOR GENERAL,710
DEPARTMENT OF HOMELAND SECURITY,Cabinet Level Agencies,,BUREAU OF IMMIGRATION AND CUSTOMS ENFORCEMENT,19376
DEPARTMENT OF HOMELAND SECURITY,Cabinet Level Agencies,,TRANSPORTATION SECURITY ADMINISTRATION,59650
DEPARTMENT OF HOMELAND SECURITY,Cabinet Level Agencies,,BUREAU OF CUSTOMS AND BORDER PROTECTION,58027
DEPARTMENT OF HOMELAND SECURITY,Cabinet Level Agencies,,FEDERAL LAW ENFORCEMENT TRAINING CENTER,1197
DEPARTMENT OF HOMELAND SECURITY,Cabinet Level Agencies,,FEDERAL EMERGENCY MANAGEMENT AGENCY,16530
DEPARTMENT OF HOMELAND SECURITY,Cabinet Level Agencies,,DOMESTIC NUCLEAR DETECTION OFFICE,2314
DEPARTMENT OF HOMELAND SECURITY,Cabinet Level Agencies,,OFFICE OF THE UNDER SECRETARY FOR SCIENCE AND TECHNOLOGY,396
DEPARTMENT OF HOUSING AND URBAN DEVELOPMENT,Cabinet Level Agencies,,OFFICE OF THE SENIOR COORDINATOR FOR NEW ENGLAND,236
DEPARTMENT OF HOUSING AND URBAN DEVELOPMENT,Cabinet Level Agencies,,OFFICE OF THE SENIOR COORDINATOR FOR NEW YORK/NEW JERSEY,402
DEPARTMENT OF HOUSING AND URBAN DEVELOPMENT,Cabinet Level Agencies,,OFFICE OF THE SENIOR COORDINATOR FOR MID,635
DEPARTMENT OF HOUSING AND URBAN DEVELOPMENT,Cabinet Level Agencies,,OFFICE OF THE SENIOR COORDINATOR FOR SOUTHEAST/CARIBBEAN,1025
DEPARTMENT OF HOUSING AND URBAN DEVELOPMENT,Cabinet Level Agencies,,OFFICE OF THE SENIOR COORDINATOR FOR MIDWEST,680
DEPARTMENT OF HOUSING AND URBAN DEVELOPMENT,Cabinet Level Agencies,,OFFICE OF THE SENIOR COORDINATOR FOR SOUTHWEST,585
DEPARTMENT OF HOUSING AND URBAN DEVELOPMENT,Cabinet Level Agencies,,OFFICE OF THE SENIOR COORDINATOR FOR GREAT PLAINS,210
DEPARTMENT OF HOUSING AND URBAN DEVELOPMENT,Cabinet Level Agencies,,OFFICE OF THE SENIOR COORDINATOR FOR ROCKY MOUNTAINS,342
DEPARTMENT OF HOUSING AND URBAN DEVELOPMENT,Cabinet Level Agencies,,OFFICE OF THE SENIOR COORDINATOR FOR PACIFIC/HAWAII,627
DEPARTMENT OF HOUSING AND URBAN DEVELOPMENT,Cabinet Level Agencies,,OFFICE OF THE SENIOR COORDINATOR FOR NORTHWEST/ALASKA,211
DEPARTMENT OF HOUSING AND URBAN DEVELOPMENT,Cabinet Level Agencies,,OFFICE OF THE SECRETARY OF HOUSING AND URBAN DEVELOPMENT,35
DEPARTMENT OF HOUSING AND URBAN DEVELOPMENT,Cabinet Level Agencies,,ASSISTANT SECRETARY FOR ADMINISTRATION,628
DEPARTMENT OF HOUSING AND URBAN DEVELOPMENT,Cabinet Level Agencies,,OFFICE OF GENERAL COUNSEL,341
DEPARTMENT OF HOUSING AND URBAN DEVELOPMENT,Cabinet Level Agencies,,ASSISTANT SECRETARY FOR COMMUNITY PLANNING AND DEVELOPMENT,289
DEPARTMENT OF HOUSING AND URBAN DEVELOPMENT,Cabinet Level Agencies,,ASSISTANT SECRETARY FOR FAIR HOUSING AND EQUAL OPPORTUNITY,121
DEPARTMENT OF HOUSING AND URBAN DEVELOPMENT,Cabinet Level Agencies,,OFFICE OF THE CHIEF FINANCIAL OFFICER,175
DEPARTMENT OF HOUSING AND URBAN DEVELOPMENT,Cabinet Level Agencies,,OFFICE OF INSPECTOR GENERAL,669
DEPARTMENT OF HOUSING AND URBAN DEVELOPMENT,Cabinet Level Agencies,,OFFICE OF DEPARTMENTAL OPERATIONS AND COORDINATION,82
DEPARTMENT OF HOUSING AND URBAN DEVELOPMENT,Cabinet Level Agencies,,ASSISTANT SECRETARY FOR CONGRESSIONAL AND INTERGOVERNMENTAL RELATIONS,16
DEPARTMENT OF HOUSING AND URBAN DEVELOPMENT,Cabinet Level Agencies,,CENTER FOR FAITH,12
DEPARTMENT OF HOUSING AND URBAN DEVELOPMENT,Cabinet Level Agencies,,OFFICE OF FIELD POLICY AND MANAGEMENT,24
DEPARTMENT OF HOUSING AND URBAN DEVELOPMENT,Cabinet Level Agencies,,OFFICE OF HEALTHY HOMES AND LEAD HAZARD CONTROL,61
DEPARTMENT OF HOUSING AND URBAN DEVELOPMENT,Cabinet Level Agencies,,ASSISTANT SECRETARY FOR HOUSING,987
DEPARTMENT OF HOUSING AND URBAN DEVELOPMENT,Cabinet Level Agencies,,OFFICE OF THE CHIEF PROCUREMENT OFFICER,120
DEPARTMENT OF HOUSING AND URBAN DEVELOPMENT,Cabinet Level Agencies,,ASSISTANT SECRETARY FOR PUBLIC AND INDIAN HOUSING,694
DEPARTMENT OF HOUSING AND URBAN DEVELOPMENT,Cabinet Level Agencies,,OFFICE OF THE CHIEF INFORMATION OFFICER,267
DEPARTMENT OF HOUSING AND URBAN DEVELOPMENT,Cabinet Level Agencies,,ASSISTANT SECRETARY FOR POLICY DEVELOPMENT AND RESEARCH,106
DEPARTMENT OF HOUSING AND URBAN DEVELOPMENT,Cabinet Level Agencies,,GOVERNMENT NATIONAL MORTGAGE ASSOCIATION (GINNIE MAE),60
DEPARTMENT OF HOUSING AND URBAN DEVELOPMENT,Cabinet Level Agencies,,OFFICE OF DEPARTMENTAL EQUAL EMPLOYMENT OPPORTUNITY,26
DEPARTMENT OF HOUSING AND URBAN DEVELOPMENT,Cabinet Level Agencies,,ASSISTANT SECRETARY FOR PUBLIC AFFAIRS,19
DEPARTMENT OF THE INTERIOR,Cabinet Level Agencies,,OFFICE OF THE SECRETARY OF THE INTERIOR,3088
DEPARTMENT OF THE INTERIOR,Cabinet Level Agencies,,BUREAU OF LAND MANAGEMENT,10320
DEPARTMENT OF THE INTERIOR,Cabinet Level Agencies,,INDIAN AFFAIRS,9231
DEPARTMENT OF THE INTERIOR,Cabinet Level Agencies,,BUREAU OF RECLAMATION,5622
DEPARTMENT OF THE INTERIOR,Cabinet Level Agencies,,GEOLOGICAL SURVEY,8961
DEPARTMENT OF THE INTERIOR,Cabinet Level Agencies,,NATIONAL PARK SERVICE,21805
DEPARTMENT OF THE INTERIOR,Cabinet Level Agencies,,U.S. FISH AND WILDLIFE SERVICE,9526
DEPARTMENT OF THE INTERIOR,Cabinet Level Agencies,,OFFICE OF THE SOLICITOR,426
DEPARTMENT OF THE INTERIOR,Cabinet Level Agencies,,"OFFICE OF SURFACE MINING, RECLAMATION AND ENFORCEMENT",529
DEPARTMENT OF THE INTERIOR,Cabinet Level Agencies,,MINERAL MANAGEMENT SERVICE,1709
DEPARTMENT OF THE INTERIOR,Cabinet Level Agencies,,OFFICE OF THE INSPECTOR GENERAL,293
DEPARTMENT OF STATE,Cabinet Level Agencies,,DEPARTMENT OF STATE,11622
DEPARTMENT OF TRANSPORTATION,Cabinet Level Agencies,,OFFICE OF THE SECRETARY OF TRANSPORTATION,717
DEPARTMENT OF TRANSPORTATION,Cabinet Level Agencies,,FEDERAL AVIATION ADMINISTRATION,48505
DEPARTMENT OF TRANSPORTATION,Cabinet Level Agencies,,FEDERAL HIGHWAY ADMINISTRATION,2941
DEPARTMENT OF TRANSPORTATION,Cabinet Level Agencies,,FEDERAL RAILROAD ADMINISTRATION,840
DEPARTMENT OF TRANSPORTATION,Cabinet Level Agencies,,SAINT LAWRENCE SEAWAY DEVELOPMENT CORPORATION,133
DEPARTMENT OF TRANSPORTATION,Cabinet Level Agencies,,FEDERAL TRANSIT ADMINISTRATION,551
DEPARTMENT OF TRANSPORTATION,Cabinet Level Agencies,,NATIONAL HIGHWAY TRAFFIC SAFETY ADMINISTRATION,620
DEPARTMENT OF TRANSPORTATION,Cabinet Level Agencies,,RESEARCH AND INNOVATIVE TECHNONOGY ADMINSTRATION,697
DEPARTMENT OF TRANSPORTATION,Cabinet Level Agencies,,OFFICE OF INSPECTOR GENERAL,441
DEPARTMENT OF TRANSPORTATION,Cabinet Level Agencies,,MARITIME ADMINISTRATION,780
DEPARTMENT OF TRANSPORTATION,Cabinet Level Agencies,,SURFACE TRANSPORTATION BOARD,154
DEPARTMENT OF TRANSPORTATION,Cabinet Level Agencies,,PIPELINE AND HAZARDOUS MATERIALS SAFETY ADMINISTRATION,373
DEPARTMENT OF TRANSPORTATION,Cabinet Level Agencies,,FEDERAL MOTOR CARRIER SAFETY ADMINISTRATION,1064
DEPARTMENT OF THE TREASURY,Cabinet Level Agencies,,OFFICE OF THRIFT SUPERVISION,1008
DEPARTMENT OF THE TREASURY,Cabinet Level Agencies,,SPECIAL INSPECTOR GENERAL FOR THE TROUBLED ASSETS RELIEF PROGRAM (TARP),97
DEPARTMENT OF THE TREASURY,Cabinet Level Agencies,,ALCOHOL AND TOBACCO TAX AND TRADE BUREAU,516
DEPARTMENT OF THE TREASURY,Cabinet Level Agencies,,DEPARTMENTAL OFFICES,1810
DEPARTMENT OF THE TREASURY,Cabinet Level Agencies,,INTERNAL REVENUE SERVICE,93654
DEPARTMENT OF THE TREASURY,Cabinet Level Agencies,,OFFICE OF INSPECTOR GENERAL,129
DEPARTMENT OF THE TREASURY,Cabinet Level Agencies,,FINANCIAL MANAGEMENT SERVICE,1905
DEPARTMENT OF THE TREASURY,Cabinet Level Agencies,,BUREAU OF THE PUBLIC DEBT,1947
DEPARTMENT OF THE TREASURY,Cabinet Level Agencies,,U.S. MINT,1793
DEPARTMENT OF THE TREASURY,Cabinet Level Agencies,,FINANCIAL CRIMES ENFORCEMENT NETWORK,340
DEPARTMENT OF THE TREASURY,Cabinet Level Agencies,,BUREAU OF ENGRAVING AND PRINTING,1957
DEPARTMENT OF THE TREASURY,Cabinet Level Agencies,,OFFICE OF THE COMPTROLLER OF THE CURRENCY,3166
DEPARTMENT OF THE TREASURY,Cabinet Level Agencies,,OFFICE OF THE INSPECTOR GENERAL FOR TAX ADMINISTRATION,823
DEPARTMENT OF VETERANS AFFAIRS,Cabinet Level Agencies,,UNSPECIFIED,45
DEPARTMENT OF VETERANS AFFAIRS,Cabinet Level Agencies,,OFFICE OF THE SECRETARY,81
DEPARTMENT OF VETERANS AFFAIRS,Cabinet Level Agencies,,BOARD OF VETERANS APPEALS,565
DEPARTMENT OF VETERANS AFFAIRS,Cabinet Level Agencies,,GENERAL COUNSEL,758
DEPARTMENT OF VETERANS AFFAIRS,Cabinet Level Agencies,,INSPECTOR GENERAL,542
DEPARTMENT OF VETERANS AFFAIRS,Cabinet Level Agencies,,IMMEDIATE OFFICE OF THE ASSISTANT SECRETARY FOR HUMAN RESOURCES AND ADMINISTRATION,11
DEPARTMENT OF VETERANS AFFAIRS,Cabinet Level Agencies,,DEPUTY ASSISTANT SECRETARY FOR HUMAN RESOURCES MANAGEMENT AND LABOR RELATIONS,160
DEPARTMENT OF VETERANS AFFAIRS,Cabinet Level Agencies,,DEPUTY ASSISTANT SECRETARY FOR EQUAL OPPORTUNITY,17
DEPARTMENT OF VETERANS AFFAIRS,Cabinet Level Agencies,,DEPUTY ASSISTANT SECRETARY FOR ADMINISTRATION,100
DEPARTMENT OF VETERANS AFFAIRS,Cabinet Level Agencies,,DEPUTY ASSISTANT SECRETARY FOR OFFICE OF RESOLUTION MANAGEMENT,244
DEPARTMENT OF VETERANS AFFAIRS,Cabinet Level Agencies,,IMMEDIATE OFFICE OF THE ASSISTANT SECRETARY FOR MANAGEMENT,8
DEPARTMENT OF VETERANS AFFAIRS,Cabinet Level Agencies,,DEPUTY ASSISTANT SECRETARY FOR BUDGET,28
DEPARTMENT OF VETERANS AFFAIRS,Cabinet Level Agencies,,DEPUTY ASSISTANT SECRETARY FOR FINANCE,594
DEPARTMENT OF VETERANS AFFAIRS,Cabinet Level Agencies,,DEPUTY ASSISTANT SECRETARY FOR ACQUISITION AND MATERIEL MANAGEMENT,73
DEPARTMENT OF VETERANS AFFAIRS,Cabinet Level Agencies,,IMMEDIATE OFFICE OF THE ASSISTANT SECRETARY FOR INFORMATION AND TECHNOLOGY,1
DEPARTMENT OF VETERANS AFFAIRS,Cabinet Level Agencies,,DEPUTY ASSISTANT SECRETARY FOR INFORMATION AND TECHNOLOGY,7170
DEPARTMENT OF VETERANS AFFAIRS,Cabinet Level Agencies,,IMMEDIATE OFFICE OF THE ASSISTANT SECRETARY FOR POLICY AND PLANNING,14
DEPARTMENT OF VETERANS AFFAIRS,Cabinet Level Agencies,,DEPUTY ASSISTANT SECRETARY FOR PROGRAM AND DATA ANALYSIS,21
DEPARTMENT OF VETERANS AFFAIRS,Cabinet Level Agencies,,DEPUTY ASSISTANT SECRETARY FOR PLANNING AND EVALUATION,24
DEPARTMENT OF VETERANS AFFAIRS,Cabinet Level Agencies,,NATIONAL CENTER FOR VETERAN ANALYSIS AND STATISTICS,6
DEPARTMENT OF VETERANS AFFAIRS,Cabinet Level Agencies,,OFFICE OF THE ASSISTANT SECRETARY FOR PUBLIC AND INTERGOVERNMENTAL AFFAIRS,15
DEPARTMENT OF VETERANS AFFAIRS,Cabinet Level Agencies,,DEPUTY ASSISTANCE SECRETARY FOR INTERGOVERNMENTAL AFFAIRS,8
DEPARTMENT OF VETERANS AFFAIRS,Cabinet Level Agencies,,DEPUTY ASSISTANT SECRETARY FOR PUBLIC AFFAIRS,43
DEPARTMENT OF VETERANS AFFAIRS,Cabinet Level Agencies,,IMMEDIATE OFFICE OF THE ASSISTANT SECRETARY FOR CONGRESSIONAL AND LEGISLATIVE AFFAIRS,1
DEPARTMENT OF VETERANS AFFAIRS,Cabinet Level Agencies,,DEPUTY ASSISTANT SECRETARY FOR CONGRESSIONAL AFFAIRS,33
DEPARTMENT OF VETERANS AFFAIRS,Cabinet Level Agencies,,VETERANS BENEFITS ADMINISTRATION,19389
DEPARTMENT OF VETERANS AFFAIRS,Cabinet Level Agencies,,NATIONAL CEMETERY ADMINISTRATION,1670
DEPARTMENT OF VETERANS AFFAIRS,Cabinet Level Agencies,,VETERANS HEALTH ADMINISTRATION,268381
NATIONAL CREDIT UNION ADMINISTRATION,Large Independent Agencies (1000 or more employees),,NATIONAL CREDIT UNION ADMINISTRATION,1009
EQUAL EMPLOYMENT OPPORTUNITY COMMISSION,Large Independent Agencies (1000 or more employees),,EQUAL EMPLOYMENT OPPORTUNITY COMMISSION,2388
ENVIRONMENTAL PROTECTION AGENCY,Large Independent Agencies (1000 or more employees),,ENVIRONMENTAL PROTECTION AGENCY,18448
FEDERAL COMMUNICATIONS COMMISSION,Large Independent Agencies (1000 or more employees),,FEDERAL COMMUNICATIONS COMMISSION,1890
FEDERAL DEPOSIT INSURANCE CORPORATION,Large Independent Agencies (1000 or more employees),,FEDERAL DEPOSIT INSURANCE CORPORATION,6708
COURT SERVICES AND OFFENDER SUPERVISION AGENCY FOR THE DISTRICT OF COLUMBIA,Large Independent Agencies (1000 or more employees),,OFFICE OF THE DIRECTOR,875
COURT SERVICES AND OFFENDER SUPERVISION AGENCY FOR THE DISTRICT OF COLUMBIA,Large Independent Agencies (1000 or more employees),,PRETRIAL SERVICES AGENCY,366
FEDERAL TRADE COMMISSION,Large Independent Agencies (1000 or more employees),,FEDERAL TRADE COMMISSION,1121
GENERAL SERVICES ADMINISTRATION,Large Independent Agencies (1000 or more employees),,IMMEDIATE OFFICE OF THE ADMINISTRATOR,45
GENERAL SERVICES ADMINISTRATION,Large Independent Agencies (1000 or more employees),,PUBLIC BUILDINGS SERVICE,6814
GENERAL SERVICES ADMINISTRATION,Large Independent Agencies (1000 or more employees),,OFFICE OF CIVIL RIGHTS,11
GENERAL SERVICES ADMINISTRATION,Large Independent Agencies (1000 or more employees),,OFFICE OF SMALL BUSINESS UTILIZATION,10
GENERAL SERVICES ADMINISTRATION,Large Independent Agencies (1000 or more employees),,OFFICE OF THE CHIEF FINANCIAL OFFICER,550
GENERAL SERVICES ADMINISTRATION,Large Independent Agencies (1000 or more employees),,OFFICE OF GENERAL COUNSEL,142
GENERAL SERVICES ADMINISTRATION,Large Independent Agencies (1000 or more employees),,GSA BOARD OF CONTRACT APPEALS,35
GENERAL SERVICES ADMINISTRATION,Large Independent Agencies (1000 or more employees),,OFFICE OF THE CHIEF HUMAN CAPITAL OFFICER,229
GENERAL SERVICES ADMINISTRATION,Large Independent Agencies (1000 or more employees),,OFFICE OF INSPECTOR GENERAL,324
GENERAL SERVICES ADMINISTRATION,Large Independent Agencies (1000 or more employees),,OFFICE OF THE CHIEF ACQUISITION OFFICER,67
GENERAL SERVICES ADMINISTRATION,Large Independent Agencies (1000 or more employees),,OFFICE OF CITIZEN SERVICES AND COMMUNICATIONS,136
GENERAL SERVICES ADMINISTRATION,Large Independent Agencies (1000 or more employees),,OFFICE OF CONGRESSIONAL AND INTERGOVERNMENTAL AFFAIRS,9
GENERAL SERVICES ADMINISTRATION,Large Independent Agencies (1000 or more employees),,OFFICES OF THE REGIONAL ADMINISTRATORS,157
GENERAL SERVICES ADMINISTRATION,Large Independent Agencies (1000 or more employees),,OFFICE OF GOVERNMENTWIDE POLICY,147
GENERAL SERVICES ADMINISTRATION,Large Independent Agencies (1000 or more employees),,OFFICE OF THE CHIEF INFORMATION OFFICER,219
GENERAL SERVICES ADMINISTRATION,Large Independent Agencies (1000 or more employees),,FEDERAL ACQUISITION SERVICE,3771
GENERAL SERVICES ADMINISTRATION,Large Independent Agencies (1000 or more employees),,OFFICE OF EMERGENCY RESPONSE AND RECOVERY,16
BROADCASTING BOARD OF GOVERNORS,Large Independent Agencies (1000 or more employees),,BROADCASTING BOARD OF GOVERNORS,1754
GOVERNMENT PRINTING OFFICE,Large Independent Agencies (1000 or more employees),,GOVERNMENT PRINTING OFFICE,2309
NATIONAL SCIENCE FOUNDATION,Large Independent Agencies (1000 or more employees),,NATIONAL SCIENCE FOUNDATION,1504
NATIONAL LABOR RELATIONS BOARD,Large Independent Agencies (1000 or more employees),,NATIONAL LABOR RELATIONS BOARD,1663
NATIONAL AERONAUTICS AND SPACE ADMINISTRATION,Large Independent Agencies (1000 or more employees),,"HEADQUARTERS, NASA",1557
NATIONAL AERONAUTICS AND SPACE ADMINISTRATION,Large Independent Agencies (1000 or more employees),,AMES RESEARCH CENTER,1262
NATIONAL AERONAUTICS AND SPACE ADMINISTRATION,Large Independent Agencies (1000 or more employees),,JOHN GLENN RESEARCH CENTER AT LEWIS FIELD,1643
NATIONAL AERONAUTICS AND SPACE ADMINISTRATION,Large Independent Agencies (1000 or more employees),,LANGLEY RESEARCH CENTER,1945
NATIONAL AERONAUTICS AND SPACE ADMINISTRATION,Large Independent Agencies (1000 or more employees),,DRYDEN FLIGHT RESEARCH CENTER,557
NATIONAL AERONAUTICS AND SPACE ADMINISTRATION,Large Independent Agencies (1000 or more employees),,GODDARD SPACE FLIGHT CENTER,3221
NATIONAL AERONAUTICS AND SPACE ADMINISTRATION,Large Independent Agencies (1000 or more employees),,GEORGE C. MARSHALL SPACE FLIGHT CENTER,2589
NATIONAL AERONAUTICS AND SPACE ADMINISTRATION,Large Independent Agencies (1000 or more employees),,JOHN C. STENNIS SPACE CENTER,272
NATIONAL AERONAUTICS AND SPACE ADMINISTRATION,Large Independent Agencies (1000 or more employees),,LYNDON B. JOHNSON SPACE CENTER,3334
NATIONAL AERONAUTICS AND SPACE ADMINISTRATION,Large Independent Agencies (1000 or more employees),,JOHN F. KENNEDY SPACE CENTER,2176
NATIONAL ARCHIVES AND RECORDS ADMINISTRATION,Large Independent Agencies (1000 or more employees),,NATIONAL ARCHIVES AND RECORDS ADMINISTRATION,3469
NUCLEAR REGULATORY COMMISSION,Large Independent Agencies (1000 or more employees),,NUCLEAR REGULATORY COMMISSION,4161
OFFICE OF PERSONNEL MANAGEMENT,Large Independent Agencies (1000 or more employees),,OFFICE OF PERSONNEL MANAGEMENT,5907
SMALL BUSINESS ADMINISTRATION,Large Independent Agencies (1000 or more employees),,SMALL BUSINESS ADMINISTRATION,3877
SECURITIES AND EXCHANGE COMMISSION,Large Independent Agencies (1000 or more employees),,SECURITIES AND EXCHANGE COMMISSION,3750
SMITHSONIAN INSTITUTION,Large Independent Agencies (1000 or more employees),,NATIONAL GALLERY OF ART,852
SMITHSONIAN INSTITUTION,Large Independent Agencies (1000 or more employees),,WOODROW WILSON INTERNATIONAL CENTER FOR SCHOLARS,47
SMITHSONIAN INSTITUTION,Large Independent Agencies (1000 or more employees),,SMITHSONIAN INSTITUTION (EXCEPT UNITS ADMINISTERED UNDER SEPARATE BOARDS OF TRUSTEES),4075
SMITHSONIAN INSTITUTION,Large Independent Agencies (1000 or more employees),,JOHN F. KENNEDY CENTER FOR THE PERFORMING ARTS,48
SOCIAL SECURITY ADMINISTRATION,Large Independent Agencies (1000 or more employees),,SOCIAL SECURITY ADMINISTRATION,67486
NATIONAL FOUNDATION ON THE ARTS AND THE HUMANITIES,Medium Independent Agencies (100-999 employees),,NATIONAL ENDOWMENT FOR THE HUMANITIES,184
NATIONAL FOUNDATION ON THE ARTS AND THE HUMANITIES,Medium Independent Agencies (100-999 employees),,INSTITUTE OF MUSEUM AND LIBRARY SERVICES,92
FEDERAL LABOR RELATIONS AUTHORITY,Medium Independent Agencies (100-999 employees),,FEDERAL LABOR RELATIONS AUTHORITY,134
MERIT SYSTEMS PROTECTION BOARD,Medium Independent Agencies (100-999 employees),,MERIT SYSTEMS PROTECTION BOARD,213
DEFENSE NUCLEAR FACILITIES SAFETY BOARD,Medium Independent Agencies (100-999 employees),,DEFENSE NUCLEAR FACILITIES SAFETY BOARD,102
PENSION BENEFIT GUARANTY CORPORATION,Medium Independent Agencies (100-999 employees),,PENSION BENEFIT GUARANTY CORPORATION,922
OFFICE OF MANAGEMENT AND BUDGET,Medium Independent Agencies (100-999 employees),,OFFICE OF MANAGEMENT AND BUDGET,536
COMMODITY FUTURES TRADING COMMISSION,Medium Independent Agencies (100-999 employees),,COMMODITY FUTURES TRADING COMMISSION,593
EXPORT,Medium Independent Agencies (100-999 employees),,EXPORT,388
OFFICE OF ADMINISTRATION,Medium Independent Agencies (100-999 employees),,OFFICE OF ADMINISTRATION,226
FARM CREDIT ADMINISTRATION,Medium Independent Agencies (100-999 employees),,FARM CREDIT ADMINISTRATION,278
FEDERAL MEDIATION AND CONCILIATION SERVICE,Medium Independent Agencies (100-999 employees),,FEDERAL MEDIATION AND CONCILIATION SERVICE,251
OFFICE OF SPECIAL COUNSEL,Medium Independent Agencies (100-999 employees),,OFFICE OF SPECIAL COUNSEL,105
OVERSEAS PRIVATE INVESTMENT CORPORATION,Medium Independent Agencies (100-999 employees),,OVERSEAS PRIVATE INVESTMENT CORPORATION,204
PRESIDIO TRUST,Medium Independent Agencies (100-999 employees),,PRESIDIO TRUST,340
INTERNATIONAL BOUNDARY AND WATER COMMISSION:  UNITED STATES AND MEXICO,Medium Independent Agencies (100-999 employees),,INTERNATIONAL BOUNDARY AND WATER COMMISSION:  UNITED STATES AND MEXICO,277
U.S. HOLOCAUST MEMORIAL MUSEUM,Medium Independent Agencies (100-999 employees),,U.S. HOLOCAUST MEMORIAL MUSEUM,192
FEDERAL HOUSING FINANCE AGENCY,Medium Independent Agencies (100-999 employees),,FEDERAL HOUSING FINANCE AGENCY,433
CORPORATION FOR NATIONAL AND COMMUNITY SERVICE,Medium Independent Agencies (100-999 employees),,CORPORATION FOR NATIONAL AND COMMUNITY SERVICE,586
FEDERAL ELECTION COMMISSION,Medium Independent Agencies (100-999 employees),,FEDERAL ELECTION COMMISSION,365
U.S. TAX COURT,Medium Independent Agencies (100-999 employees),,U.S. TAX COURT,228
FEDERAL MARITIME COMMISSION,Medium Independent Agencies (100-999 employees),,FEDERAL MARITIME COMMISSION,125
MILLENNIUM CHALLENGE CORPORATION,Medium Independent Agencies (100-999 employees),,MILLENNIUM CHALLENGE CORPORATION,289
PEACE CORPS,Medium Independent Agencies (100-999 employees),,PEACE CORPS,855
ARMED FORCES RETIREMENT HOME,Medium Independent Agencies (100-999 employees),,ARMED FORCES RETIREMENT HOME,258
RAILROAD RETIREMENT BOARD,Medium Independent Agencies (100-999 employees),,RAILROAD RETIREMENT BOARD,967
CONSUMER PRODUCT SAFETY COMMISSION,Medium Independent Agencies (100-999 employees),,CONSUMER PRODUCT SAFETY COMMISSION,477
SELECTIVE SERVICE SYSTEM,Medium Independent Agencies (100-999 employees),,SELECTIVE SERVICE SYSTEM,178
NATIONAL TRANSPORTATION SAFETY BOARD,Medium Independent Agencies (100-999 employees),,NATIONAL TRANSPORTATION SAFETY BOARD,386
U.S. INTERNATIONAL TRADE COMMISSION,Medium Independent Agencies (100-999 employees),,U.S. INTERNATIONAL TRADE COMMISSION,396
OFFICE OF THE U.S. TRADE REPRESENTATIVE,Medium Independent Agencies (100-999 employees),,OFFICE OF THE U.S. TRADE REPRESENTATIVE,231
AFRICAN DEVELOPMENT FOUNDATION,Small Independent Agencies (less than 100 employees),,AFRICAN DEVELOPMENT FOUNDATION,27
APPALACHIAN REGIONAL COMMISSION,Small Independent Agencies (less than 100 employees),,APPALACHIAN REGIONAL COMMISSION,9
ARCTIC RESEARCH COMMISSION,Small Independent Agencies (less than 100 employees),,ARCTIC RESEARCH COMMISSION,10
JAMES MADISON MEMORIAL FELLOWSHIP FOUNDATION,Small Independent Agencies (less than 100 employees),,JAMES MADISON MEMORIAL FELLOWSHIP FOUNDATION,6
ARCHITECTURAL AND TRANSPORTATION BARRIERS COMPLIANCE BOARD,Small Independent Agencies (less than 100 employees),,ARCHITECTURAL AND TRANSPORTATION BARRIERS COMPLIANCE BOARD,41
NUCLEAR WASTE TECHNICAL REVIEW BOARD,Small Independent Agencies (less than 100 employees),,NUCLEAR WASTE TECHNICAL REVIEW BOARD,24
CHRISTOPHER COLUMBUS FELLOWSHIP FOUNDATION,Small Independent Agencies (less than 100 employees),,CHRISTOPHER COLUMBUS FELLOWSHIP FOUNDATION,9
COMMISSION ON CIVIL RIGHTS,Small Independent Agencies (less than 100 employees),,COMMISSION ON CIVIL RIGHTS,50
COUNCIL OF ECONOMIC ADVISERS,Small Independent Agencies (less than 100 employees),,COUNCIL OF ECONOMIC ADVISERS,27
COMMISSION OF FINE ARTS,Small Independent Agencies (less than 100 employees),,COMMISSION OF FINE ARTS,11
NATIONAL COMMISSION ON LIBRARIES AND INFORMATION SCIENCE,Small Independent Agencies (less than 100 employees),,NATIONAL COMMISSION ON LIBRARIES AND INFORMATION SCIENCE,17
PUBLIC INTEREST DECLASSIFICATION BOARD,Small Independent Agencies (less than 100 employees),,PUBLIC INTEREST DECLASSIFICATION BOARD,7
OFFICE OF THE FEDERAL COORDINATOR FOR ALASKA NATURAL GAS TRANSPORTATION PRO,Small Independent Agencies (less than 100 employees),,OFFICE OF THE FEDERAL COORDINATOR FOR ALASKA NATURAL GAS TRANSPORTATION PROJECTS,10
DENALI COMMISSION,Small Independent Agencies (less than 100 employees),,DENALI COMMISSION,22
MORRIS K. UDALL SCHOLARSHIP AND EXCELLENCE IN NATIONAL ENVIRONMENTAL POLICY,Small Independent Agencies (less than 100 employees),,MORRIS K. UDALL SCHOLARSHIP AND EXCELLENCE IN NATIONAL ENVIRONMENTAL POLICY FOUNDATION,49
COUNCIL ON ENVIRONMENTAL QUALITY/OFFICE OF ENVIRONMENTAL QUALITY,Small Independent Agencies (less than 100 employees),,COUNCIL ON ENVIRONMENTAL QUALITY/OFFICE OF ENVIRONMENTAL QUALITY,24
TRADE AND DEVELOPMENT AGENCY,Small Independent Agencies (less than 100 employees),,TRADE AND DEVELOPMENT AGENCY,45
FEDERAL FINANCIAL INSTITUTIONS EXAMINATION COUNCIL,Small Independent Agencies (less than 100 employees),,FEDERAL FINANCIAL INSTITUTIONS EXAMINATION COUNCIL,10
CHEMICAL SAFETY AND HAZARD INVESTIGATION BOARD,Small Independent Agencies (less than 100 employees),,CHEMICAL SAFETY AND HAZARD INVESTIGATION BOARD,39
FARM CREDIT SYSTEM INSURANCE CORPORATION,Small Independent Agencies (less than 100 employees),,FARM CREDIT SYSTEM INSURANCE CORPORATION,11
BARRY GOLDWATER SCHOLARSHIP AND EXCELLENCE IN EDUCATION FOUNDATION,Small Independent Agencies (less than 100 employees),,BARRY GOLDWATER SCHOLARSHIP AND EXCELLENCE IN EDUCATION FOUNDATION,7
OFFICE OF GOVERNMENT ETHICS,Small Independent Agencies (less than 100 employees),,OFFICE OF GOVERNMENT ETHICS,75
VALLES CALDERA TRUST,Small Independent Agencies (less than 100 employees),,VALLES CALDERA TRUST,39
VIETNAM EDUCATION FOUNDATION,Small Independent Agencies (less than 100 employees),,VIETNAM EDUCATION FOUNDATION,8
ELECTION ASSISTANCE COMMISSION,Small Independent Agencies (less than 100 employees),,ELECTION ASSISTANCE COMMISSION,56
INTERNATIONAL BOUNDARY COMMISSION:  UNITED STATES AND CANADA,Small Independent Agencies (less than 100 employees),,INTERNATIONAL BOUNDARY COMMISSION:  UNITED STATES AND CANADA,5
INTERNATIONAL JOINT COMMISSION:  UNITED STATES AND CANADA,Small Independent Agencies (less than 100 employees),,INTERNATIONAL JOINT COMMISSION:  UNITED STATES AND CANADA,18
COMMITTEE FOR PURCHASE FROM PEOPLE WHO ARE BLIND OR SEVERELY DISABLED,Small Independent Agencies (less than 100 employees),,COMMITTEE FOR PURCHASE FROM PEOPLE WHO ARE BLIND OR SEVERELY DISABLED,28
ADVISORY COUNCIL ON HISTORIC PRESERVATION,Small Independent Agencies (less than 100 employees),,ADVISORY COUNCIL ON HISTORIC PRESERVATION,53
HARRY S. TRUMAN SCHOLARSHIP FOUNDATION,Small Independent Agencies (less than 100 employees),,HARRY S. TRUMAN SCHOLARSHIP FOUNDATION,4
U.S. INTERAGENCY COUNCIL ON HOMELESSNESS,Small Independent Agencies (less than 100 employees),,U.S. INTERAGENCY COUNCIL ON HOMELESSNESS,15
INTER,Small Independent Agencies (less than 100 employees),,INTER,45
MARINE MAMMAL COMMISSION,Small Independent Agencies (less than 100 employees),,MARINE MAMMAL COMMISSION,22
NATIONAL COUNCIL ON DISABILITY,Small Independent Agencies (less than 100 employees),,NATIONAL COUNCIL ON DISABILITY,23
NATIONAL MEDIATION BOARD,Small Independent Agencies (less than 100 employees),,NATIONAL MEDIATION BOARD,48
NATIONAL CAPITAL PLANNING COMMISSION,Small Independent Agencies (less than 100 employees),,NATIONAL CAPITAL PLANNING COMMISSION,46
NATIONAL SECURITY COUNCIL,Small Independent Agencies (less than 100 employees),,NATIONAL SECURITY COUNCIL,69
OCCUPATIONAL SAFETY AND HEALTH REVIEW COMMISSION,Small Independent Agencies (less than 100 employees),,OCCUPATIONAL SAFETY AND HEALTH REVIEW COMMISSION,57
OFFICE OF NATIONAL DRUG CONTROL POLICY,Small Independent Agencies (less than 100 employees),,OFFICE OF NATIONAL DRUG CONTROL POLICY,97
OFFICE OF NAVAJO AND HOPI INDIAN RELOCATION,Small Independent Agencies (less than 100 employees),,OFFICE OF NAVAJO AND HOPI INDIAN RELOCATION,45
FEDERAL RETIREMENT THRIFT INVESTMENT BOARD,Small Independent Agencies (less than 100 employees),,FEDERAL RETIREMENT THRIFT INVESTMENT BOARD,85
FEDERAL MINE SAFETY AND HEALTH REVIEW COMMISSION,Small Independent Agencies (less than 100 employees),,FEDERAL MINE SAFETY AND HEALTH REVIEW COMMISSION,45
RECOVERY ACT ACCOUNTABILITY & TRANSPARENCY BOARD,Small Independent Agencies (less than 100 employees),,RECOVERY ACT ACCOUNTABILITY & TRANSPARENCY BOARD,24
OFFICE OF SCIENCE AND TECHNOLOGY POLICY,Small Independent Agencies (less than 100 employees),,OFFICE OF SCIENCE AND TECHNOLOGY POLICY,29
JAPAN,Small Independent Agencies (less than 100 employees),,JAPAN,13
UTAH RECLAMATION MITIGATION AND CONSERVATION COMMISSION,Small Independent Agencies (less than 100 employees),,UTAH RECLAMATION MITIGATION AND CONSERVATION COMMISSION,15
COMMISSION ON THE PREVENTION OF WEAPONS OF MASS DESTRUCTION PROLIFERATION A,Small Independent Agencies (less than 100 employees),,COMMISSION ON THE PREVENTION OF WEAPONS OF MASS DESTRUCTION PROLIFERATION AND TERRORISM,12
FINANCIAL CRISIS INQUIRY COMMISSION,Small Independent Agencies (less than 100 employees),,FINANCIAL CRISIS INQUIRY COMMISSION,30
MEDICARE PAYMENT ADVISORY COMMISSION,Small Independent Agencies (less than 100 employees),,MEDICARE PAYMENT ADVISORY COMMISSION,49
U.S. COMMISSION ON INTERNATIONAL RELIGIOUS FREEDOM,Small Independent Agencies (less than 100 employees),,U.S. COMMISSION ON INTERNATIONAL RELIGIOUS FREEDOM,24
UNITED STATES,Small Independent Agencies (less than 100 employees),,UNITED STATES,31
DWIGHT D. EISENHOWER MEMORIAL COMMISSION,Small Independent Agencies (less than 100 employees),,DWIGHT D. EISENHOWER MEMORIAL COMMISSION,11