Branch,Agency,Sub-organization,Source
Executive,Department of Agriculture,--,"omb,opm"
Executive,Department of Agriculture,Agricultural Marketing Service,"omb,opm"
Executive,Department of Agriculture,Agricultural Research Service,"omb,opm"
Executive,Department of Agriculture,Animal and Plant Health Inspection Service,"omb,opm"
Executive,Department of Agriculture,Economic Research Service,"omb,opm"
Executive,Department of Agriculture,Farm Service Agency,"omb,opm"
Executive,Department of Agriculture,Food and Nutrition Service,"omb,opm"
Executive,Department of Agriculture,Food Safety and Inspection Service,"omb,opm"
Executive,Department of Agriculture,Foreign Agricultural Service,"omb,opm"
Executive,Department of Agriculture,Forest Service,"omb,opm"
Executive,Department of Agriculture,National Agricultural Statistics Service,"omb,opm"
Executive,Department of Agriculture,National Institute of Food and Agriculture,"omb,opm"
Executive,Department of Agriculture,Natural Resources Conservation Service,"omb,opm"
Executive,Department of Agriculture,Office of Chief Financial Officer,"omb,opm"
Executive,Department of Agriculture,Office of Chief Information Officer,"omb,opm"
Executive,Department of Agriculture,Office of Civil Rights,"omb,opm"
Executive,Department of Agriculture,Office of Inspector General,"omb,opm"
Executive,Department of Agriculture,Office of the General Counsel,"omb,opm"
Executive,Department of Agriculture,Office of the Secretary,"omb,opm"
Executive,Department of Agriculture,Risk Management Agency,"omb,opm"
Executive,Department of Agriculture,Rural Business-Cooperative Service,omb
Executive,Department of Agriculture,Rural Housing Service,omb
Executive,Department of Agriculture,Rural Utilities Service,omb
Executive,Department of Agriculture,Farm Production and Conservation Business Center,opm
Executive,Department of Agriculture,National Appeals Division,opm
Executive,Department of Agriculture,Office of Budget and Program Analysis,opm
Executive,Department of Agriculture,Office of Communications,opm
Executive,Department of Agriculture,Office of Partnerships and Public Engagement,opm
Executive,Department of Agriculture,Office of the Chief Economist,opm
Executive,Department of Commerce,--,"omb,opm"
Executive,Department of Commerce,Bureau of Economic Analysis,"omb,opm"
Executive,Department of Commerce,Bureau of Industry and Security,"omb,opm"
Executive,Department of Commerce,Bureau of the Census,"omb,opm"
Executive,Department of Commerce,Economic Development Administration,"omb,opm"
Executive,Department of Commerce,International Trade Administration,"omb,opm"
Executive,Department of Commerce,Minority Business Development Agency,"omb,opm"
Executive,Department of Commerce,National Institute of Standards and Technology,"omb,opm"
Executive,Department of Commerce,National Oceanic and Atmospheric Administration,"omb,opm"
Executive,Department of Commerce,National Technical Information Service,"omb,opm"
Executive,Department of Commerce,National Telecommunications and Information Administration,"omb,opm"
Executive,Department of Commerce,U.S. Patent and Trademark Office,"omb,opm"
Executive,Department of Commerce,Office of the Inspector General,opm
Executive,Department of Commerce,Office of the Secretary,opm
Executive,Department of Defense,--,"omb,opm"
Executive,Department of Defense,Air Force,omb
Executive,Department of Defense,Army,omb
Executive,Department of Defense,"Navy, Marine Corps",omb
Executive,Department of Defense,Defense Acquisition University,opm
Executive,Department of Defense,Defense Advanced Research Projects Agency,opm
Executive,Department of Defense,Defense Commissary Agency,opm
Executive,Department of Defense,Defense Contract Audit Agency,opm
Executive,Department of Defense,Defense Contract Management Agency,opm
Executive,Department of Defense,Defense Counterintelligence and Security Agency,opm
Executive,Department of Defense,Defense Finance and Accounting Service,opm
Executive,Department of Defense,Defense Health Agency,opm
Executive,Department of Defense,Defense Human Resources Activity,opm
Executive,Department of Defense,Defense Information Systems Agency,opm
Executive,Department of Defense,Defense Legal Services Agency,opm
Executive,Department of Defense,Defense Logistics Agency,opm
Executive,Department of Defense,Defense Media Activity,opm
Executive,Department of Defense,Defense Microelectronics Activity,opm
Executive,Department of Defense,Defense POW/MIA Accounting Agency,opm
Executive,Department of Defense,Defense Security Cooperation Agency,opm
Executive,Department of Defense,Defense Technical Information Center,opm
Executive,Department of Defense,Defense Technology Security Administration,opm
Executive,Department of Defense,Defense Threat Reduction Agency,opm
Executive,Department of Defense,Department of Defense Education Activity,opm
Executive,Department of Defense,Department of Defense Test Resource Management Center,opm
Executive,Department of Defense,Missile Defense Agency,opm
Executive,Department of Defense,National Defense University,opm
Executive,Department of Defense,National Reconnaissance Office,opm
Executive,Department of Defense,Office of Economic Adjustment,opm
Executive,Department of Defense,Office of the Inspector General,opm
Executive,Department of Defense,Office of the Secretary of Defense,opm
Executive,Department of Defense,Organization of the Joint Chiefs of Staff,opm
Executive,Department of Defense,Pentagon Force Protection Agency,opm
Executive,Department of Defense,U.S. Court of Appeals for the Armed Forces,opm
Executive,Department of Defense,Uniformed Services University of the Health Sciences,opm
Executive,Department of Defense,Washington Headquarters Services,opm
Executive,Department of Education,--,"omb,opm"
Executive,Department of Education,Institute of Education Sciences,"omb,opm"
Executive,Department of Education,"Office of Career, Technical, and Adult Education","omb,opm"
Executive,Department of Education,Office of Elementary and Secondary Education,"omb,opm"
Executive,Department of Education,Office of English Language Acquisition,"omb,opm"
Executive,Department of Education,Office of Federal Student Aid,"omb,opm"
Executive,Department of Education,Office of Postsecondary Education,"omb,opm"
Executive,Department of Education,Office of Special Education and Rehabilitative Services,"omb,opm"
Executive,Department of Education,Office of Innovation and Improvement,omb
Executive,Department of Education,Immediate Office of the Secretary of Education,opm
Executive,Department of Education,National Assessment Governing Board,opm
Executive,Department of Education,Office for Civil Rights,opm
Executive,Department of Education,Office of Communications and Outreach,opm
Executive,Department of Education,Office of Finance and Operations,opm
Executive,Department of Education,Office of Inspector General,opm
Executive,Department of Education,Office of Legislation and Congressional Affairs,opm
Executive,Department of Education,"Office of Planning, Evaluation and Policy Development",opm
Executive,Department of Education,Office of the Chief Information Officer,opm
Executive,Department of Education,Office of the Duty Secretary of Education,opm
Executive,Department of Education,Office of the General Counsel,opm
Executive,Department of Education,Office of the Under Secretary,opm
Executive,Department of Energy,--,"omb,opm"
Executive,Department of Energy,National Nuclear Security Administration,omb
Executive,Department of Energy,Federal Energy Regulatory Commission,opm
Executive,Department of Energy,Ames Laboratory,dotgov-registry
Executive,Department of Energy,Argonne National Laboratory,dotgov-registry
Executive,Department of Energy,Battelle Pacific Northwest National Laboratory,dotgov-registry
Executive,Department of Energy,Bonneville Power Administration,dotgov-registry
Executive,Department of Energy,Brookhaven National Laboratory,dotgov-registry
Executive,Department of Energy,Energy Information Administration,dotgov-registry
Executive,Department of Energy,Fermi National Accelerator Laboratory,dotgov-registry
Executive,Department of Energy,Hanford Field Office,dotgov-registry
Executive,Department of Energy,Idaho National Laboratory,dotgov-registry
Executive,Department of Energy,Lawrence Berkeley National Laboratory,dotgov-registry
Executive,Department of Energy,Lawrence Livermore National Laboratory,dotgov-registry
Executive,Department of Energy,Los Alamos National Laboratory,dotgov-registry
Executive,Department of Energy,National Energy Research Scientific Computing Center,dotgov-registry
Executive,Department of Energy,National Isotope Development Center,dotgov-registry
Executive,Department of Energy,National Renewable Energy Laboratory,dotgov-registry
Executive,Department of Energy,Oak Ridge Associated Universities,dotgov-registry
Executive,Department of Energy,Oak Ridge National Laboratory,dotgov-registry
Executive,Department of Energy,Office of Electricity Delivery and Energy Reliability,dotgov-registry
Executive,Department of Energy,Office of Energy Efficiency and Renewable Energy,dotgov-registry
Executive,Department of Energy,Office of Legacy Management,dotgov-registry
Executive,Department of Energy,Office of Naval Reactors,dotgov-registry
Executive,Department of Energy,Office of Nuclear Energy,dotgov-registry
Executive,Department of Energy,Office of Scientific and Technical Information,dotgov-registry
Executive,Department of Energy,Office of the Chief Information Officier,dotgov-registry
Executive,Department of Energy,Pacific Northwest National Laboratory,dotgov-registry
Executive,Department of Energy,Portsmouth/Paducah Project Office,dotgov-registry
Executive,Department of Energy,Princeton Plasma Physics Lab,dotgov-registry
Executive,Department of Energy,Sandia National Laboratories,dotgov-registry
Executive,Department of Energy,Savannah River National Lab,dotgov-registry
Executive,Department of Energy,Southwestern Power Administration,dotgov-registry
Executive,Department of Energy,Thomas Jefferson National Accelerator Facility,dotgov-registry
Executive,Department of Energy,Western Area Power Administration,dotgov-registry
Executive,Department of Health and Human Services,--,"omb,opm"
Executive,Department of Health and Human Services,Administration for Children and Families,"omb,opm"
Executive,Department of Health and Human Services,Administration for Community Living,"omb,opm"
Executive,Department of Health and Human Services,Administration for Strategic Preparedness and Response,"omb,opm"
Executive,Department of Health and Human Services,Agency for Healthcare Research and Quality,"omb,opm"
Executive,Department of Health and Human Services,Centers for Disease Control and Prevention,"omb,opm"
Executive,Department of Health and Human Services,Centers for Medicare and Medicaid Services,"omb,opm"
Executive,Department of Health and Human Services,Food and Drug Administration,"omb,opm"
Executive,Department of Health and Human Services,Health Resources and Services Administration,"omb,opm"
Executive,Department of Health and Human Services,Indian Health Service,"omb,opm"
Executive,Department of Health and Human Services,National Institutes of Health,"omb,opm"
Executive,Department of Health and Human Services,Office of the Inspector General,"omb,opm"
Executive,Department of Health and Human Services,Program Support Center,"omb,opm"
Executive,Department of Health and Human Services,Substance Abuse and Mental Health Services Administration,"omb,opm"
Executive,Department of Health and Human Services,Agency for Toxic Substances and Disease Registry,opm
Executive,Department of Health and Human Services,Office of Medicare Hearings and Appeals,opm
Executive,Department of Health and Human Services,Office of the Assistant Secretary for Health,opm
Executive,Department of Health and Human Services,Office of the Secretary of Health and Human Services,opm
Executive,Department of Homeland Security,--,"omb,opm"
Executive,Department of Homeland Security,Citizenship and Immigration Services,"omb,opm"
Executive,Department of Homeland Security,Cybersecurity and Infrastructure Security Agency,"omb,opm"
Executive,Department of Homeland Security,Federal Emergency Management Agency,"omb,opm"
Executive,Department of Homeland Security,Federal Law Enforcement Training Center,"omb,opm"
Executive,Department of Homeland Security,Office of the Inspector General,"omb,opm"
Executive,Department of Homeland Security,Science and Technology Directorate,"omb,opm"
Executive,Department of Homeland Security,Transportation Security Administration,"omb,opm"
Executive,Department of Homeland Security,U.S. Customs and Border Protection,"omb,opm"
Executive,Department of Homeland Security,U.S. Immigration and Customs Enforcement,"omb,opm"
Executive,Department of Homeland Security,United States Coast Guard,"omb,opm"
Executive,Department of Homeland Security,United States Secret Service,"omb,opm"
Executive,Department of Homeland Security,Countering Weapons of Mass Destruction Office,omb
Executive,Department of Homeland Security,Management Directorate,omb
Executive,Department of Homeland Security,Office of Health Affairs,omb
Executive,Department of Homeland Security,Office of the Secretary and Executive Management,omb
Executive,Department of Homeland Security,Domestic Nuclear Detection Office,opm
Executive,Department of Housing and Urban Development,--,"omb,opm"
Executive,Department of Housing and Urban Development,Assistant Secretary for Community Planning and Development,"omb,opm"
Executive,Department of Housing and Urban Development,Assistant Secretary for Fair Housing and Equal Opportunity,"omb,opm"
Executive,Department of Housing and Urban Development,Assistant Secretary for Policy Development and Research,"omb,opm"
Executive,Department of Housing and Urban Development,Assistant Secretary for Public and Indian Housing,"omb,opm"
Executive,Department of Housing and Urban Development,Government National Mortgage Association,"omb,opm"
Executive,Department of Housing and Urban Development,Office of Healthy Homes and Lead Hazard Control,"omb,opm"
Executive,Department of Housing and Urban Development,Assistant Secretary for Congressional and Intergovernmental Relations,opm
Executive,Department of Housing and Urban Development,Assistant Secretary for Housing-Federal Housing Commissioner,opm
Executive,Department of Housing and Urban Development,Assistant Secretary for Public Affairs,opm
Executive,Department of Housing and Urban Development,Center for Faith-Based and Community Initiatives,opm
Executive,Department of Housing and Urban Development,Office of Departmental Equal Employment Opportunity,opm
Executive,Department of Housing and Urban Development,Office of Disaster Management and National Security,opm
Executive,Department of Housing and Urban Development,Office of Field Policy and Management,opm
Executive,Department of Housing and Urban Development,Office of General Counsel,opm
Executive,Department of Housing and Urban Development,Office of Inspector General,opm
Executive,Department of Housing and Urban Development,Office of the Chief Financial Officer,opm
Executive,Department of Housing and Urban Development,Office of the Chief Human Capital Officer,opm
Executive,Department of Housing and Urban Development,Office of the Chief Information Officer,opm
Executive,Department of Housing and Urban Development,Office of the Chief Procurement Officer,opm
Executive,Department of Housing and Urban Development,Office of the Secretary of Housing and Urban Development,opm
Executive,Department of Housing and Urban Development,Office of the Senior Coordinator for Great Plains,opm
Executive,Department of Housing and Urban Development,Office of the Senior Coordinator for Mid-Atlantic,opm
Executive,Department of Housing and Urban Development,Office of the Senior Coordinator for Midwest,opm
Executive,Department of Housing and Urban Development,Office of the Senior Coordinator for New England,opm
Executive,Department of Housing and Urban Development,Office of the Senior Coordinator for New York/New Jersey,opm
Executive,Department of Housing and Urban Development,Office of the Senior Coordinator for Northwest/Alaska,opm
Executive,Department of Housing and Urban Development,Office of the Senior Coordinator for Pacific/Hawaii,opm
Executive,Department of Housing and Urban Development,Office of the Senior Coordinator for Rocky Mountains,opm
Executive,Department of Housing and Urban Development,Office of the Senior Coordinator for Southeast/Caribbean,opm
Executive,Department of Housing and Urban Development,Office of the Senior Coordinator for Southwest,opm
Executive,Department of Justice,--,"omb,opm"
Executive,Department of Justice,"Bureau of Alcohol, Tobacco, Firearms, and Explosives","omb,opm"
Executive,Department of Justice,Drug Enforcement Administration,"omb,opm"
Executive,Department of Justice,Federal Bureau of Investigation,"omb,opm"
Executive,Department of Justice,Federal Prison System,"omb,opm"
Executive,Department of Justice,Office of Justice Programs,"omb,opm"
Executive,Department of Justice,U.S. Marshals Service,"omb,opm"
Executive,Department of Justice,National Security Division,omb
Executive,Department of Justice,United States Parole Commission,omb
Executive,Department of Justice,Community Relations Service,opm
Executive,Department of Justice,Executive Office for Immigration Review,opm
Executive,Department of Justice,Executive Office for U.S. Attorneys and the Offices of the U.S. Attorneys,opm
Executive,Department of Justice,Office of the Inspector General,opm
Executive,Department of Justice,U.S. Trustee Program,opm
Executive,Department of Labor,--,"omb,opm"
Executive,Department of Labor,Bureau of Labor Statistics,"omb,opm"
Executive,Department of Labor,Employee Benefits Security Administration,"omb,opm"
Executive,Department of Labor,Employment and Training Administration,"omb,opm"
Executive,Department of Labor,Mine Safety and Health Administration,"omb,opm"
Executive,Department of Labor,Occupational Safety and Health Administration,"omb,opm"
Executive,Department of Labor,Office of Disability Employment Policy,"omb,opm"
Executive,Department of Labor,Office of Federal Contract Compliance Programs,"omb,opm"
Executive,Department of Labor,Office of Labor Management Standards,"omb,opm"
Executive,Department of Labor,Office of Workers' Compensation Programs,"omb,opm"
Executive,Department of Labor,Veterans' Employment and Training Service,"omb,opm"
Executive,Department of Labor,Wage and Hour Division,"omb,opm"
Executive,Department of Labor,Bureau of International Labor Affairs,opm
Executive,Department of Labor,Office of Congressional and Intergovernmental Affairs,opm
Executive,Department of Labor,Office of Public Affairs,opm
Executive,Department of Labor,Office of the Assistant Secretary for Administration and Management,opm
Executive,Department of Labor,Office of the Assistant Secretary for Policy,opm
Executive,Department of Labor,Office of the Chief Financial Officer,opm
Executive,Department of Labor,Office of the Inspector General,opm
Executive,Department of Labor,Office of the Secretary of Labor,opm
Executive,Department of Labor,Office of the Solicitor,opm
Executive,Department of Labor,Women's Bureau,opm
Executive,Department of State,--,"omb,opm"
Executive,Department of State,Bureau of Diplomatic Security,dotgov-registry
Executive,Department of State,Bureau of East Asian and Pacific Affairs,dotgov-registry
Executive,Department of State,Bureau of Global Public Affairs,dotgov-registry
Executive,Department of State,Bureau of Information Resources Management,dotgov-registry
Executive,Department of State,Bureau of Political and Military Affairs,dotgov-registry
Executive,Department of State,Bureau of Western Hemisphere Affairs,dotgov-registry
Executive,Department of State,Foreign Service Grievance Board,dotgov-registry
Executive,Department of State,Office of the Director of U.S. Foreign Assistance,dotgov-registry
Executive,Department of State,Office of the Inspector General,dotgov-registry
Executive,Department of the Interior,--,"omb,opm"
Executive,Department of the Interior,Bureau of Indian Affairs,"omb,opm"
Executive,Department of the Interior,Bureau of Indian Education,"omb,opm"
Executive,Department of the Interior,Bureau of Land Management,"omb,opm"
Executive,Department of the Interior,Bureau of Ocean Energy Management,"omb,opm"
Executive,Department of the Interior,Bureau of Reclamation,"omb,opm"
Executive,Department of the Interior,Bureau of Safety and Environmental Enforcement,"omb,opm"
Executive,Department of the Interior,Bureau of Trust Funds Administration,"omb,opm"
Executive,Department of the Interior,National Park Service,"omb,opm"
Executive,Department of the Interior,Office of Inspector General,"omb,opm"
Executive,Department of the Interior,Office of Surface Mining Reclamation and Enforcement,"omb,opm"
Executive,Department of the Interior,Office of the Solicitor,"omb,opm"
Executive,Department of the Interior,United States Fish and Wildlife Service,"omb,opm"
Executive,Department of the Interior,United States Geological Survey,"omb,opm"
Executive,Department of the Interior,Central Utah Project Completion Act Office,omb
Executive,Department of the Interior,National Indian Gaming Commission,omb
Executive,Department of the Interior,Office of Insular Affairs,omb
Executive,Department of the Interior,Office of the Special Trustee for American Indians,omb
Executive,Department of the Interior,Office of the Secretary of the Interior,opm
Executive,Department of the Treasury,--,"omb,opm"
Executive,Department of the Treasury,Alcohol and Tobacco Tax and Trade Bureau,"omb,opm"
Executive,Department of the Treasury,Bureau of Engraving and Printing,"omb,opm"
Executive,Department of the Treasury,Bureau of the Fiscal Service,"omb,opm"
Executive,Department of the Treasury,Financial Crimes Enforcement Network,"omb,opm"
Executive,Department of the Treasury,Internal Revenue Service,"omb,opm"
Executive,Department of the Treasury,Office of the Comptroller of the Currency,"omb,opm"
Executive,Department of the Treasury,United States Mint,"omb,opm"
Executive,Department of the Treasury,Federal Financing Bank,omb
Executive,Department of the Treasury,Office of Inspector General,opm
Executive,Department of the Treasury,Office of the Inspector General for Tax Administration,opm
Executive,Department of Transportation,--,"omb,opm"
Executive,Department of Transportation,Federal Aviation Administration,"omb,opm"
Executive,Department of Transportation,Federal Highway Administration,"omb,opm"
Executive,Department of Transportation,Federal Motor Carrier Safety Administration,"omb,opm"
Executive,Department of Transportation,Federal Railroad Administration,"omb,opm"
Executive,Department of Transportation,Federal Transit Administration,"omb,opm"
Executive,Department of Transportation,Maritime Administration,"omb,opm"
Executive,Department of Transportation,National Highway Traffic Safety Administration,"omb,opm"
Executive,Department of Transportation,Office of Inspector General,"omb,opm"
Executive,Department of Transportation,Office of the Secretary,"omb,opm"
Executive,Department of Transportation,Pipeline and Hazardous Materials Safety Administration,"omb,opm"
Executive,Department of Transportation,Saint Lawrence Seaway Development Corporation,"omb,opm"
Executive,Department of Veterans Affairs,--,"omb,opm"
Executive,Department of Veterans Affairs,Veterans Health Administration,"omb,opm"
Executive,Department of Veterans Affairs,Assistant Secretary for Diversity & Inclusion,opm
Executive,Department of Veterans Affairs,Board of Veterans Appeals,opm
Executive,Department of Veterans Affairs,Chief Human Capital Officer,opm
Executive,Department of Veterans Affairs,Dep Asst Sec for Emergency Mgt & Resilience,opm
Executive,Department of Veterans Affairs,Deputy Assistance Secretary for Intergovernmental Affairs,opm
Executive,Department of Veterans Affairs,Deputy Assistant Secretary for Administration,opm
Executive,Department of Veterans Affairs,Deputy Assistant Secretary for Budget,opm
Executive,Department of Veterans Affairs,Deputy Assistant Secretary for Congressional Affairs,opm
Executive,Department of Veterans Affairs,Deputy Assistant Secretary for Corporate Senior Executive Management,opm
Executive,Department of Veterans Affairs,Deputy Assistant Secretary for Finance,opm
Executive,Department of Veterans Affairs,Deputy Assistant Secretary for Fmbts,opm
Executive,Department of Veterans Affairs,Deputy Assistant Secretary for Information and Technology,opm
Executive,Department of Veterans Affairs,Deputy Assistant Secretary for Labor Management Relations,opm
Executive,Department of Veterans Affairs,Deputy Assistant Secretary for Office of Resolution Management,opm
Executive,Department of Veterans Affairs,Deputy Assistant Secretary for Public Affairs,opm
Executive,Department of Veterans Affairs,Electronic Health Record Modernization,opm
Executive,Department of Veterans Affairs,"Executive Director for Identity, Credential, and Accessmanagement",opm
Executive,Department of Veterans Affairs,Executive Director for Security and Law Enforcement,opm
Executive,Department of Veterans Affairs,"Executive Director, Office of Acquisition and Logistics",opm
Executive,Department of Veterans Affairs,General Counsel,opm
Executive,Department of Veterans Affairs,Immediate Office of the Assistant Secretary for Congressional and Legislative Affairs,opm
Executive,Department of Veterans Affairs,Immediate Office of the Assistant Secretary for Human Resources and Administration,opm
Executive,Department of Veterans Affairs,Immediate Office of the Assistant Secretary for Information and Technology,opm
Executive,Department of Veterans Affairs,Immediate Office of the Assistant Secretary for Management,opm
Executive,Department of Veterans Affairs,"Immediate Office of the Assistant Secretary for Operations, Security, and Preparedness",opm
Executive,Department of Veterans Affairs,Inspector General,opm
Executive,Department of Veterans Affairs,National Cemetery Administration,opm
Executive,Department of Veterans Affairs,Office of Accountability and Whistleblower Protection,opm
Executive,Department of Veterans Affairs,Office of Enterprise Integration,opm
Executive,Department of Veterans Affairs,Office of Enterprise Operations,opm
Executive,Department of Veterans Affairs,Office of the Assistant Secretary for Public and Intergovernmental Affairs,opm
Executive,Department of Veterans Affairs,Office of the Secretary,opm
Executive,Department of Veterans Affairs,Vet Customer Exper (Vce),opm
Executive,Department of Veterans Affairs,Veterans Benefits Administration,opm
Executive,Agency For International Development,--,"omb,opm"
Executive,Environmental Protection Agency,--,"omb,opm"
Executive,General Services Administration,--,"omb,opm"
Executive,General Services Administration,Civilian Board of Contract Appeals,opm
Executive,General Services Administration,Federal Acquisition Service,opm
Executive,General Services Administration,Immediate Office of the Administrator,opm
Executive,General Services Administration,Office of Administrative Services,opm
Executive,General Services Administration,Office of Civil Rights,opm
Executive,General Services Administration,Office of Congressional and Intergovernmental Affairs,opm
Executive,General Services Administration,Office of General Counsel,opm
Executive,General Services Administration,Office of Governmentwide Policy,opm
Executive,General Services Administration,Office of GSA IT,opm
Executive,General Services Administration,Office of Inspector General,opm
Executive,General Services Administration,Office of Mission Assurance,opm
Executive,General Services Administration,Office of Small Business Utilization,opm
Executive,General Services Administration,Office of Strategic Communication,opm
Executive,General Services Administration,Office of the Chief Financial Officer,opm
Executive,General Services Administration,Office of the Customer Experience,opm
Executive,General Services Administration,Office of the Human Resources Management,opm
Executive,General Services Administration,Offices of the Regional Administrators,opm
Executive,General Services Administration,Public Buildings Service,opm
Executive,National Aeronautics and Space Administration,--,"omb,opm"
Executive,National Aeronautics and Space Administration,Ames Research Center,opm
Executive,National Aeronautics and Space Administration,George C. Marshall Space Flight Center,opm
Executive,National Aeronautics and Space Administration,Goddard Space Flight Center,opm
Executive,National Aeronautics and Space Administration,John C. Stennis Space Center,opm
Executive,National Aeronautics and Space Administration,John F. Kennedy Space Center,opm
Executive,National Aeronautics and Space Administration,John Glenn Research Center At Lewis Field,opm
Executive,National Aeronautics and Space Administration,Langley Research Center,opm
Executive,National Aeronautics and Space Administration,Lyndon B. Johnson Space Center,opm
Executive,National Aeronautics and Space Administration,Neil A. Armstrong Flight Research Center,opm
Executive,National Science Foundation,--,"omb,opm"
Executive,Nuclear Regulatory Commission,--,"omb,opm"
Executive,Office of Personnel Management,--,"omb,opm"
Executive,Small Business Administration,--,"omb,opm"
Executive,Social Security Administration,--,"omb,opm"
Executive,Executive Office of the President,--,"omb,opm"
Executive,Executive Office of the President,Council of Economic Advisers,"omb,opm"
Executive,Executive Office of the President,Council on Environmental Quality and Office of Environmental Quality,"omb,opm"
Executive,Executive Office of the President,National Security Council and Homeland Security Council,"omb,opm"
Executive,Executive Office of the President,Office of Administration,"omb,opm"
Executive,Executive Office of the President,Office of Management and Budget,"omb,opm"
Executive,Executive Office of the President,Office of National Drug Control Policy,"omb,opm"
Executive,Executive Office of the President,Office of Pandemic Preparedness and Response,"omb,opm"
Executive,Executive Office of the President,Office of Science and Technology Policy,"omb,opm"
Executive,Executive Office of the President,Office of the National Cyber Director,"omb,opm"
Executive,Executive Office of the President,Office of the United States Trade Representative,"omb,opm"
Executive,Executive Office of the President,National Space Council,omb
Executive,400 Years of African-American History Commission,--,omb
Executive,Access Board,--,omb
Executive,Administrative Conference of the United States,--,"omb,opm"
Executive,Advisory Council on Historic Preservation,--,"omb,opm"
Executive,African Development Foundation,--,opm
Executive,Alyce Spotted Bear and Walter Soboleff Commission on Native Children,--,omb
Executive,American Battle Monuments Commission,--,opm
Executive,Appalachian Regional Commission,--,"omb,opm"
Executive,Architectural And Transportation Barriers Compliance Board,--,opm
Executive,Arctic Research Commission,--,opm
Executive,Armed Forces Retirement Home,--,opm
Executive,Barry Goldwater Scholarship and Excellence in Education Foundation,--,"omb,opm"
Executive,Bureau of Consumer Financial Protection,--,"omb,opm"
Executive,Central Intelligence Agency,--,omb
Executive,Chemical Safety and Hazard Investigation Board,--,"omb,opm"
Executive,Civil Rights Cold Case Records Review Board,--,"omb,opm"
Executive,Commission For The Preservation Of America's Heritage Abroad,--,opm
Executive,Commission of Fine Arts,--,"omb,opm"
Executive,Commission on Civil Rights,--,"omb,opm"
Executive,Commission on Combating Synthetic Opioid Trafficking,--,omb
Executive,Committee for Purchase from People who are Blind or Severely Disabled,--,"omb,opm"
Executive,Committee for Purchase from People who are Blind or Severely Disabled,Office of Inspector General,opm
Executive,Commodity Futures Trading Commission,--,"omb,opm"
Executive,Consumer Product Safety Commission,--,"omb,opm"
Executive,Corporation for National and Community Service,--,"omb,opm"
Executive,Corporation for Public Broadcasting,--,omb
Executive,Council of the Inspectors General on Integrity and Efficiency,--,"omb,opm"
Executive,Defense Nuclear Facilities Safety Board,--,"omb,opm"
Executive,Delta Regional Authority,--,"omb,opm"
Executive,Denali Commission,--,"omb,opm"
Executive,Development Finance Corporation,--,opm
Executive,Election Assistance Commission,--,"omb,opm"
Executive,Equal Employment Opportunity Commission,--,"omb,opm"
Executive,Export-Import Bank of the United States,--,"omb,opm"
Executive,Farm Credit Administration,--,"omb,opm"
Executive,Farm Credit System Insurance Corporation,--,"omb,opm"
Executive,Federal Communications Commission,--,"omb,opm"
Executive,Federal Deposit Insurance Corporation,--,"omb,opm"
Executive,Federal Deposit Insurance Corporation,Office of Inspector General,omb
Executive,Federal Election Commission,--,"omb,opm"
Executive,Federal Financial Institutions Examination Council,--,"omb,opm"
Executive,Federal Financial Institutions Examination Council Appraisal Subcommittee,--,omb
Executive,Federal Housing Finance Agency,--,"omb,opm"
Executive,Federal Housing Finance Agency,Office of Inspector General,opm
Executive,Federal Labor Relations Authority,--,"omb,opm"
Executive,Federal Maritime Commission,--,"omb,opm"
Executive,Federal Mediation and Conciliation Service,--,"omb,opm"
Executive,Federal Mine Safety and Health Review Commission,--,"omb,opm"
Executive,Federal Permitting Improvement Council,--,"omb,opm"
Executive,Federal Reserve Board,--,"omb,opm"
Executive,Federal Retirement Thrift Investment Board,--,"omb,opm"
Executive,Federal Trade Commission,--,"omb,opm"
Executive,Government Printing Office,--,opm
Executive,Great Lakes Authority,--,omb
Executive,Gulf Coast Ecosystem Restoration Council,--,"omb,opm"
Executive,Harry S Truman Scholarship Foundation,--,"omb,opm"
Executive,Independent Payment Advisory Board,--,omb
Executive,Indian Law and Order Commission,--,omb
Executive,Institute of American Indian and Alaska Native Culture and Arts Development,--,omb
Executive,Institute of Museum and Library Services,--,"omb,opm"
Executive,Intellectual Property Enforcement Coordinator,--,opm
Executive,Inter-American Foundation,--,opm
Executive,"International Boundary And Water Commission, U.S. Section",--,opm
Executive,International Boundary Commission:  United States And Canada,--,opm
Executive,International Joint Commission:  United States And Canada,--,opm
Executive,International Trade Commission,--,"omb,opm"
Executive,James Madison Memorial Fellowship Foundation,--,"omb,opm"
Executive,Japan-United States Friendship Commission,--,"omb,opm"
Executive,Legal Services Corporation,--,omb
Executive,Marine Mammal Commission,--,"omb,opm"
Executive,Medicaid And Chip Payment And Access Commission,--,opm
Executive,Merit Systems Protection Board,--,"omb,opm"
Executive,Military Compensation and Retirement Modernization Commission,--,omb
Executive,Millennium Challenge Corporation,--,opm
Executive,Morris K. Udall and Stewart L. Udall Foundation,--,"omb,opm"
Executive,National Archives and Records Administration,--,"omb,opm"
Executive,National Capital Planning Commission,--,"omb,opm"
Executive,National Commission On Libraries And Information Science,--,opm
Executive,National Commission on Military Aviation Safety,--,omb
Executive,"National Commission on Military, National, and Public Service",--,omb
Executive,National Council on Disability,--,"omb,opm"
Executive,National Credit Union Administration,--,"omb,opm"
Executive,National Endowment for the Arts,--,"omb,opm"
Executive,National Endowment for the Humanities,--,"omb,opm"
Executive,National Labor Relations Board,--,"omb,opm"
Executive,National Mediation Board,--,"omb,opm"
Executive,National Railroad Passenger Corporation Office of Inspector General,--,omb
Executive,National Security Commission on Artificial Intelligence,--,omb
Executive,National Transportation Safety Board,--,"omb,opm"
Executive,Neighborhood Reinvestment Corporation,--,omb
Executive,Northern Border Regional Commission,--,"omb,opm"
Executive,Nuclear Waste Technical Review Board,--,"omb,opm"
Executive,Occupational Safety and Health Review Commission,--,"omb,opm"
Executive,Office of Government Ethics,--,"omb,opm"
Executive,Office of Navajo and Hopi Indian Relocation,--,"omb,opm"
Executive,Office of Special Counsel,--,"omb,opm"
Executive,Office of the Federal Coordinator for Alaska Natural Gas Transportation,--,omb
Executive,Patient-Centered Outcomes Research Trust Fund,--,omb
Executive,Peace Corps,--,opm
Executive,Pension Benefit Guaranty Corporation,--,opm
Executive,Postal Service,--,omb
Executive,Presidio Trust,--,"omb,opm"
Executive,Privacy and Civil Liberties Oversight Board,--,"omb,opm"
Executive,Public Buildings Reform Board,--,"omb,opm"
Executive,Public Interest Declassification Board,--,opm
Executive,Puerto Rico Oversight Board,--,omb
Executive,Railroad Retirement Board,--,"omb,opm"
Executive,Recovery Act Accountability and Transparency Board,--,omb
Executive,Securities and Exchange Commission,--,"omb,opm"
Executive,Selective Service System,--,opm
Executive,Smithsonian Institution,--,omb
Executive,Smithsonian Institution,John F. Kennedy Center for the Performing Arts,opm
Executive,Smithsonian Institution,National Gallery of Art,opm
Executive,Smithsonian Institution,Woodrow Wilson International Center for Scholars,opm
Executive,Southeast Crescent Regional Commission,--,omb
Executive,Southwest Border Regional Commission,--,"omb,opm"
Executive,State Justice Institute,--,omb
Executive,Surface Transportation Board,--,"omb,opm"
Executive,Tennessee Valley Authority,--,omb
Executive,The U.S. Semiquincentennial Commission,--,opm
Executive,Trade And Development Agency,--,opm
Executive,U.S. Commission On International Religious Freedom,--,opm
Executive,United States Agency for Global Media,--,"omb,opm"
Executive,United States Court of Appeals for Veterans Claims,--,omb
Executive,United States Enrichment Corporation Fund,--,omb
Executive,United States Holocaust Memorial Museum,--,"omb,opm"
Executive,United States Institute of Peace,--,omb
Executive,United States Interagency Council on Homelessness,--,"omb,opm"
Executive,United States-China Economic And Security Review Commission,--,opm
Executive,Utah Reclamation Mitigation And Conservation Commission,--,opm
Executive,Vietnam Education Foundation,--,omb
Executive,World War 1 Centennial Commission,--,opm
Judicial,Supreme Court of the United States,--,omb
Judicial,United States Court of Appeals for the Federal Circuit,--,omb
Judicial,United States Court of International Trade,--,omb
Judicial,Courts of Appeals and District Courts,--,omb
Judicial,Administrative Office of the United States Courts,--,omb
Judicial,Federal Judicial Center,--,omb
Judicial,United States Sentencing Commission,--,omb
Legislative,Senate,--,omb
Legislative,House of Representatives,--,omb
Legislative,Architect of the Capitol,--,omb
Legislative,Botanic Garden,--,omb
Legislative,Congressional Budget Office,--,omb
Legislative,Capitol Police,--,omb
Legislative,Government Accountability Office,--,omb
Legislative,Government Publishing Office,--,omb
Legislative,Library of Congress,--,omb
Legislative,Office of Congressional Workplace Rights,--,omb
Legislative,United States Tax Court,--,omb