Category,Department/Agency/Subagency,Competitive employee count,Excepted employee count,SES employee count,Unknown employee count
Department,DEPARTMENT OF WAR,585508,107456,1044,4
Department,DEPARTMENT OF VETERANS AFFAIRS,144745,303326,340,11
Department,DEPARTMENT OF HOMELAND SECURITY,137326,90483,589,2
Department,DEPARTMENT OF JUSTICE,57331,48511,670,3
Department,DEPARTMENT OF THE TREASURY,81415,4403,371,0
Department,DEPARTMENT OF HEALTH AND HUMAN SERVICES,57827,15956,426,339
Department,DEPARTMENT OF AGRICULTURE,65553,5495,272,1
Department,DEPARTMENT OF TRANSPORTATION,7563,45237,209,0
Department,DEPARTMENT OF THE INTERIOR,47421,5161,195,0
Department,SOCIAL SECURITY ADMINISTRATION,46702,3094,84,0
Department,DEPARTMENT OF COMMERCE,31534,9677,354,0
Department,NON CFO ACT AGENCY,28263,8903,425,0
Department,NATIONAL AERONAUTICS AND SPACE ADMINISTRATION,13175,425,314,0
Department,DEPARTMENT OF ENERGY,11231,1893,361,2
Department,ENVIRONMENTAL PROTECTION AGENCY,11209,1408,232,0
Department,DEPARTMENT OF STATE,9725,1677,184,0
Department,DEPARTMENT OF LABOR,10377,672,141,0
Department,GENERAL SERVICES ADMINISTRATION,8099,279,69,0
Department,DEPARTMENT OF HOUSING AND URBAN DEVELOPMENT,5503,417,79,0
Department,SMALL BUSINESS ADMINISTRATION,3322,2056,40,0
Department,NUCLEAR REGULATORY COMMISSION,0,2431,78,0
Department,DEPARTMENT OF EDUCATION,1456,794,59,0
Department,OFFICE OF PERSONNEL MANAGEMENT,1846,97,53,0
Department,NATIONAL SCIENCE FOUNDATION,654,441,58,0
Department,U.S. AGENCY FOR INTERNATIONAL DEVELOPMENT,150,105,3,0
Agency,DEPARTMENT OF VETERANS AFFAIRS,144745,303326,340,11
Agency,DEPARTMENT OF HOMELAND SECURITY,137326,90483,589,2
Agency,DEPARTMENT OF THE NAVY,183872,18072,272,0
Agency,DEPARTMENT OF THE ARMY,154815,38941,220,0
Agency,DEPARTMENT OF THE AIR FORCE,130215,23373,166,0
Agency,DEPARTMENT OF WAR,116606,27070,386,4
Agency,DEPARTMENT OF JUSTICE,57331,48511,670,3
Agency,DEPARTMENT OF TREASURY,81415,4403,371,0
Agency,DEPARTMENT OF HEALTH AND HUMAN SERVICES,57827,15956,426,339
Agency,DEPARTMENT OF AGRICULTURE,65553,5495,272,1
Agency,DEPARTMENT OF TRANSPORTATION,7563,45237,209,0
Agency,DEPARTMENT OF INTERIOR,47421,5161,195,0
Agency,SOCIAL SECURITY ADMINISTRATION,46702,3094,84,0
Agency,DEPARTMENT OF COMMERCE,31534,9677,354,0
Agency,NAT AERONAUTICS AND SPACE ADMINISTRATION,13175,425,314,0
Agency,DEPARTMENT OF ENERGY,11231,1893,361,2
Agency,ENVIRONMENTAL PROTECTION AGENCY,11209,1408,232,0
Agency,DEPARTMENT OF STATE,9725,1677,184,0
Agency,DEPARTMENT OF LABOR,10377,672,141,0
Agency,GENERAL SERVICES ADMINISTRATION,8099,279,69,0
Agency,DEPARTMENT OF HOUSING AND URBAN DEVELOPM,5503,417,79,0
Agency,SMALL BUSINESS ADMINISTRATION,3322,2056,40,0
Agency,FEDERAL DEPOSIT INSURANCE CORPORATION,4731,434,0,0
Agency,SMITHSONIAN INSTITUTION,3991,129,0,0
Agency,SECURITIES AND EXCHANGE COMMISSION,2220,1758,0,0
Agency,NUCLEAR REGULATORY COMMISSION,0,2431,78,0
Agency,NAT ARCHIVES AND RECORDS ADMINISTRATION,2339,53,16,0
Agency,DEPARTMENT OF EDUCATION,1456,794,59,0
Agency,OFFICE OF PERSONNEL MANAGEMENT,1846,97,53,0
Agency,EQUAL EMPLOYMENT OPPORTUNITY COMMISSION,1338,371,33,0
Agency,GOVERNMENT PUBLISHING OFFICE,1534,86,0,0
Agency,FEDERAL RESERVE SYSTEM,983,231,0,0
Agency,FEDERAL COMMUNICATIONS COMMISSION,690,491,31,0
Agency,NATIONAL SCIENCE FOUNDATION,654,441,58,0
Agency,NATIONAL LABOR RELATIONS BOARD,522,496,52,0
Agency,FEDERAL TRADE COMMISSION,378,594,35,0
Agency,NATIONAL CREDIT UNION ADMINISTRATION,877,61,0,0
Agency,COURT SERVICES AND OFFENDR SUPERVSN AGY,901,12,13,0
Agency,U.S.AGENCY FOR GLOBAL MEDIA,718,86,10,0
Agency,PENSION BENEFIT GUARANTY CORPORATION,703,101,0,0
Agency,RAILROAD RETIREMENT BOARD,674,16,9,0
Agency,PEACE CORPS,0,666,0,0
Agency,FEDERAL HOUSING FINANCE AGENCY,554,60,0,0
Agency,COMMODITY FUTURES TRADING COMMISSION,347,196,0,0
Agency,DFC,446,79,0,0
Agency,OFFICE OF MANAGEMENT AND BUDGET,387,62,69,0
Agency,CONSUMER PRODUCT SAFETY COMMISSION,383,40,15,0
Agency,NATIONAL TRANSPORTATION SAFETY BOARD,366,25,17,0
Agency,CORP FOR NATIONAL AND COMMUNITY SERVICE,5,402,0,0
Agency,U.S. INTERNATIONAL TRADE COMMISSION,262,128,11,0
Agency,EXPORT-IMPORT BANK OF THE UNITED STATES,277,48,0,0
Agency,PRESIDIO TRUST,0,316,0,0
Agency,FARM CREDIT ADMINISTRATION,264,37,0,0
Agency,ARMED FORCES RETIREMENT HOME,270,8,1,0
Agency,U.S. AGENCY FOR INTERNATIONAL DEV,150,105,3,0
Agency,OFFICE OF ADMINISTRATION,181,71,0,0
Agency,INTER BOUND AND WATER COMM U.S. SECTION,241,9,0,0
Agency,FEDERAL ELECTION COMMISSION,2,247,0,0
Agency,FED RETIREMENT THRIFT INVESTMENT BOARD,203,25,10,0
Agency,MILLENNIUM CHALLENGE CORPORATION,185,47,0,0
Agency,OFFICE OF THE U.S. TRADE REPRESENTATIVE,137,64,20,0
Agency,NAT FOUNDATION ON ARTS AND HUMANITIES,141,57,10,0
Agency,JUDICIAL BRANCH,0,167,0,0
Agency,MERIT SYSTEMS PROTECTION BOARD,50,100,9,0
Agency,SELECTIVE SERVICE SYSTEM,95,47,1,0
Agency,OFFICE OF SPECIAL COUNSEL,22,90,3,0
Agency,SURFACE TRANSPORTATION BOARD,55,52,4,0
Agency,FEDERAL MARITIME COMMISSION,71,30,6,0
Agency,DEFENSE NUCLEAR FACILITIES SAFETY BOARD,26,66,6,0
Agency,U.S. HOLOCAUST MEMORIAL MUSEUM,91,3,0,0
Agency,FED MEDIATION AND CONCILIATION SERVICE,25,65,0,0
Agency,FEDERAL LABOR RELATIONS AUTHORITY,22,49,8,0
Agency,AMERICAN BATTLE MONUMENTS COMMISSION,74,1,2,0
Agency,ELECTION ASSISTANCE COMMISSION,0,68,0,0
Agency,OFFICE OF GOVERNMENT ETHICS,43,17,1,0
Agency,OFFICE OF NATIONAL DRUG CONTROL POLICY,24,23,9,0
Agency,COMMISSION ON CIVIL RIGHTS,34,16,0,0
Agency,TRADE AND DEVELOPMENT AGENCY,41,8,1,0
Agency,MEDICAID & CHIP PAYMENT & ACCESS COMM,0,50,0,0
Agency,FED MINE SAFETY AND HEALTH REVIEW CMSN,22,24,1,0
Agency,CHEMICAL SAFETY/HAZARD INVESTIGATION BD,39,3,1,0
Agency,OCCUPATIONAL SAFETY & HEALTH REVIEW CMSN,17,23,3,0
Agency,NATIONAL MEDIATION BOARD,24,10,1,0
Agency,ADV COUNCIL ON HISTORIC PRESERVATION,0,34,1,0
Agency,CMTE FOR PURCH FRM PPLE BLIND OR SEV DIS,21,12,1,0
Agency,ARCHITECTL & TRANS BARRIER COMPLIANCE BD,16,17,1,0
Agency,OFC OF THE NAT CYBER DIR,11,23,0,0
Agency,MORRIS K. UDALL & STEWART L. UDALL FOUND,0,30,0,0
Agency,NATIONAL CAPITAL PLANNING COMMISSION,25,3,1,0
Agency,U.S.-CHINA ECONOMIC & SECURITY REV CMSN,0,28,0,0
Agency,PRIVACY AND CIVIL LIBERTIES OVERSIGHT,0,28,0,0
Agency,NATIONAL SECURITY COUNCIL,0,27,0,0
Agency,COUNCIL OF INSP. GEN. ON INTEG.& EFFIC.,7,17,1,0
Agency,OFFICE OF SCIENCE AND TECHNOLOGY POLICY,8,16,1,0
Agency,MARINE MAMMAL COMMISSION,10,14,0,0
Agency,INTER-AMERICAN FOUNDATION,21,3,0,0
Agency,U.S. CMSN ON INTERNATL RELIGIOUS FREEDOM,0,24,0,0
Agency,AFRICAN DEVELOPMENT FOUNDATION,21,2,0,0
Agency,GULF COAST ECOSYSTEM RESTORATION COUNCIL,20,1,1,0
Agency,COUNCIL OF ECONOMIC ADVISERS,2,19,1,0
Agency,COUNCIL ON ENVIR QUAL/OFC OF ENVIR QUAL,2,20,0,0
Agency,FEDERAL PERMITTING IMPROVEMENT STEER,13,5,1,0
Agency,CMSN FOR PRES OF AMERICA'S HERITAGE ABRD,1,17,0,0
Agency,NATIONAL COUNCIL ON DISABILITY,6,12,0,0
Agency,NAT CMSN ON LIBRARIES AND INFO SCIENCE,0,17,0,0
Agency,INTERNATIONAL JOINT CMSN: U.S. & CANADA,11,5,0,0
Agency,FEDERAL FINANCIAL INST. EXAM. COUNCIL,9,4,0,0
Agency,NUCLEAR WASTE TECHNICAL REVIEW BOARD,4,8,0,0
Agency,DENALI COMMISSION,0,12,0,0
Agency,JAPAN-UNITED STATES FRIENDSHIP CMSN,3,8,1,0
Agency,UTAH RECLAMATN MITIGATN & CONSERVTN CMSN,0,11,0,0
Agency,U.S. INTERAGENCY COUNCIL ON HOMELESSNESS,0,10,0,0
Agency,ADMIN CONFERENCE OF THE UNITED STATES,1,6,3,0
Agency,FARM CREDIT SYSTEM INSURANCE CORPORATION,8,2,0,0
Agency,CIVIL RIGHTS COLD CASE REVIEW BOARD,0,10,0,0
Agency,PUBLIC INTEREST DECLASSIFICATION BOARD,0,9,0,0
Agency,THE US SEMIQUINCENTENNIAL COMMISSION,0,8,0,0
Agency,COMMISSION OF FINE ARTS,7,0,1,0
Agency,INTERNAT BOUNDARY CMSN: U.S. AND CANADA,5,2,0,0
Agency,PUBLIC BUILDINGS REFORM BOARD,0,7,0,0
Agency,HARRY S. TRUMAN SCHOLARSHIP FOUNDATION,2,2,1,0
Agency,APPALACHIAN REGIONAL COMMISSION,1,4,0,0
Agency,JAMES MADISON MEMORIAL FELLOWSHIP FOUND,0,5,0,0
Agency,ARCTIC RESEARCH COMMISSION,1,0,1,0
Agency,BARRY GOLDWATER SCHOL & EXCEL IN ED FOUN,0,1,1,0
Agency,NORTHERN BORDER REGIONAL COMMISSION,2,0,0,0
Agency,SOUTHWEST BORDER REGIONAL COMMISSION,0,1,0,0
Agency,DELTA REGIONAL AUTHORITY,0,1,0,0
Subagency,AA00 - ADMINISTRATIVE CONFERENCE OF THE UNITED STATES,1,6,3,0
Subagency,AB00 - AMERICAN BATTLE MONUMENTS COMMISSION,74,1,2,0
Subagency,AF02 - AIR FORCE INSPECTION AGENCY (FO),27,0,0,0
Subagency,AF03 - AIR FORCE OPERATIONAL TEST AND EVALUATION CENTER,188,6,0,0
Subagency,AF06 - AIR FORCE AUDIT AGENCY,415,0,2,0
Subagency,AF07 - AIR FORCE OFFICE OF SPECIAL INVESTIGATIONS,298,776,2,0
Subagency,AF09 - AIR FORCE PERSONNEL CENTER,1326,53,1,0
Subagency,AF0B - U.S. AIR FORCE ACADEMY,737,350,0,0
Subagency,"AF0D - U.S. AIR FORCES, EUROPE",1075,321,1,0
Subagency,AF0J - AIR EDUCATION AND TRAINING COMMAND,12466,648,1,0
Subagency,"AF0M - HEADQUARTERS, AIR FORCE RESERVE COMMAND",9210,182,0,0
Subagency,AF0R - PACIFIC AIR FORCES,3028,192,1,0
Subagency,AF0V - AIR FORCE SPECIAL OPERATIONS COMMAND,1248,157,0,0
Subagency,AF12 - AIR FORCE PUBLIC AFFAIRS AGENCY,38,0,0,0
Subagency,AF13 - HQ USAF AND SUPPORT ELEMENTS,1850,235,78,0
Subagency,AF16 - AIR FORCE MORTUARY AFFAIRS OPERATIONS,29,0,0,0
Subagency,AF1B - AIR FORCE MANPOWER ANALYSIS AGENCY,126,1,0,0
Subagency,AF1C - AIR COMBAT COMMAND,8523,2161,3,0
Subagency,AF1L - AIR MOBILITY COMMAND,6590,141,0,0
Subagency,AF1M - AIR FORCE MATERIEL COMMAND,63246,1485,35,0
Subagency,AF1Q - HQ AF FLIGHT STANDARDS AGENCY,51,0,0,0
Subagency,AF1Y - AIR FORCE CIVILIAN CAREER TRAINING,2293,142,0,0
Subagency,AF20 - AIR FORCE AGENCY FOR MODELING/SIMULATION,19,0,0,0
Subagency,AF2A - AIR FORCE COST ANALYSIS AGENCY,79,0,0,0
Subagency,AF2E - AIR FORCE LEGAL OPERATIONS AGENCY,75,96,1,0
Subagency,AF2F - AIR FORCE MEDICAL SUPPORT AGENCY,1,0,0,0
Subagency,AF2H - AIR FORCE OPERATIONS GROUP,18,0,0,0
Subagency,AF2I - AIR NATIONAL GUARD SUPPORT CENTER,567,39,0,0
Subagency,AF2K - AIR FORCE HISTORICAL RESEARCH AGENCY,39,2,0,0
Subagency,AF2L - AIR FORCE TECHNICAL APPLICATIONS CENTER,0,430,0,0
Subagency,AF2M - AIR FORCE REVIEW BOARDS AGENCY,75,3,1,0
Subagency,AF2R - AIR FORCE PROGRAM EXECUTIVE OFFICE,25,1,0,0
Subagency,AF2S - AIR FORCE ELEMENTS NORAD,85,0,0,0
Subagency,AF2T - AIR FORCE SAFETY CENTER,76,1,0,0
Subagency,AF2Z - AIR FORCE MEDICAL COMMAND,143,3,0,0
Subagency,AF38 - AFELM JCS,0,21,0,0
Subagency,"AF3C - AIR FORCE ELEMENTS, U.S. CENTRAL COMMAND",332,8,2,0
Subagency,"AF3D - AIR FORCE ELEMENTS, U.S. SPECIAL OPERATIONS COMMAND",920,70,6,0
Subagency,"AF3Q - AIR FORCE ELEMENTS, U.S. STRATEGIC COMMAND",1030,238,5,0
Subagency,"AF3T - AIR FORCE ELEMENTS, U.S. TRANSPORTATION COMMAND",911,18,3,0
Subagency,AF3V - AIR FORCE ELEMENTS,1,158,0,0
Subagency,AF40 - NATIONAL AIR AND SPACE INTELLIGENCE CENTER,0,1168,0,0
Subagency,AF4D - U.S. NORTHERN COMMAND,555,27,5,0
Subagency,AF4F - HQ US SPACE FORCE,231,19,7,0
Subagency,AF4G - UNITED STATES SPACE FORCE,2104,19,0,0
Subagency,AF4S - AFELM US SPACE COMMAND,529,25,3,0
Subagency,AF4V - NON-DOD AND OTHER SUPPORT,507,317,3,0
Subagency,AF4W - AIR FORCE DISTRICT OF WASHINGTON,1089,44,0,0
Subagency,AF5D - DEFENSE CYBER CRIME CENTER,77,16,1,0
Subagency,AF6D - SPACE DEVELOPMENT AGENCY,113,9,0,0
Subagency,AF6E - Space Force Service Wide Support Activities,42,0,0,0
Subagency,AF6F - UNITED STATES SPACE FORCE FORCES,1199,92,3,0
Subagency,AF6K - United States Space Force Components,51,11,0,0
Subagency,AF6N - National Space Intelligence Center,0,307,0,0
Subagency,AF6S - SPACE SYSTEMS COMMAND,2452,47,2,0
Subagency,AF6T - SPACE TRAINING AND READINESS COMMAND,233,7,0,0
Subagency,AFGS - AIR FORCE GLOBAL STRIKE COMMAND,3483,89,0,0
Subagency,AFNG - AIR NATIONAL GUARD UNITS,303,13120,0,0
Subagency,AFSN - AIR FORCES SOUTHERN,85,14,0,0
Subagency,AFZG - U.S. SPECIAL OPERATIONS COMMAND (ANG),2,104,0,0
Subagency,AG01 - OFFICE OF THE SECRETARY OF AGRICULTURE,32,61,21,0
Subagency,AG02 - AGRICULTURAL MARKETING SERVICE,2225,1655,10,0
Subagency,AG03 - AGRICULTURAL RESEARCH SERVICE,4257,641,18,0
Subagency,AG07 - RURAL DEVELOPMENT,2990,91,16,0
Subagency,AG08 - RISK MANAGEMENT AGENCY,336,9,6,0
Subagency,AG10 - FOREIGN AGRICULTURAL SERVICE,367,171,5,0
Subagency,AG11 - FOREST SERVICE,25543,677,39,1
Subagency,AG13 - OFFICE OF COMMUNICATIONS,17,12,0,0
Subagency,AG14 - OFFICE OF THE GENERAL COUNSEL,55,135,20,0
Subagency,AG16 - NATURAL RESOURCES CONSERVATION SERVICE,8927,131,20,0
Subagency,AG18 - ECONOMIC RESEARCH SERVICE,191,5,2,0
Subagency,AG20 - NATIONAL AGRICULTURAL STATISTICS SERVICE,488,4,6,0
Subagency,AG22 - NATIONAL INSTITUTE OF FOOD AND AGRICULTURE,276,4,4,0
Subagency,AG23 - OFFICE OF THE INSPECTOR GENERAL,327,25,7,0
Subagency,AG30 - FOOD AND NUTRITION SERVICE,1155,40,7,0
Subagency,AG34 - ANIMAL AND PLANT HEALTH INSPECTION SERVICE,5088,1548,27,0
Subagency,AG37 - FOOD SAFETY AND INSPECTION SERVICE,7389,39,16,0
Subagency,AG38 - OFFICE OF THE CHIEF ECONOMIST,42,3,5,0
Subagency,AG42 - OFFICE OF BUDGET AND PROGRAM ANALYSIS,31,2,2,0
Subagency,AG90 - OFFICE OF THE CHIEF FINANCIAL OFFICER,709,15,6,0
Subagency,AG99 - FPAC BUSINESS CENTER,1011,8,11,0
Subagency,AGAO - OFFICE OF PARTNERSHIPS AND PUBLIC ENGAGEMENT,15,7,2,0
Subagency,AGCR - CIVIL RIGHTS,92,1,4,0
Subagency,AGDA - DEPARTMENTAL ADMINISTRATION,299,28,3,0
Subagency,AGFA - FARM SERVICE AGENCY,2447,151,6,0
Subagency,AGHL - HOMELAND SECURITY STAFF,42,3,1,0
Subagency,AGIT - OFFICE OF THE CHIEF INFORMATION OFFICER,1163,20,8,0
Subagency,AGNA - NATIONAL APPEALS DIVISION,39,9,0,0
Subagency,AH01 - NATIONAL ENDOWMENT FOR THE ARTS,79,28,5,0
Subagency,AH02 - NATIONAL ENDOWMENT FOR THE HUMANITIES,33,20,4,0
Subagency,AH03 - INSTITUTE OF MUSEUM AND LIBRARY SERVICES,29,9,1,0
Subagency,AM00 - U.S. AGENCY FOR INTERNATIONAL DEVELOPMENT,150,105,3,0
Subagency,AN00 - AFRICAN DEVELOPMENT FOUNDATION,21,2,0,0
Subagency,AP00 - APPALACHIAN REGIONAL COMMISSION,1,4,0,0
Subagency,AR2A - UNITED STATES ARMY CYBER COMMAND,1382,2597,2,0
Subagency,AR3A - U.S. ARMY CENTRAL,280,16,0,0
Subagency,AR5A - U.S. ARMY NORTH,221,18,1,0
Subagency,ARAE - U.S. ARMY ACQUISITION SUPPORT CENTER,4650,119,8,0
Subagency,ARAF - UNITED STATES ARMY FUTURES COMMAND,13785,235,27,0
Subagency,ARAN - U.S. ARMY NATIONAL MILITARY CEMETERIES,191,2,1,0
Subagency,ARAP - U. S. MILITARY ENTRANCE PROCESSING COMMAND,2234,71,0,0
Subagency,ARAS - U.S. ARMY INTELLIGENCE AND SECURITY COMMAND,0,3164,0,0
Subagency,ARAT - U.S. ARMY TEST AND EVALUATION COMMAND,3357,53,2,0
Subagency,ARCB - U.S. ARMY CRIMINAL INVESTIGATION COMMAND,1429,79,2,0
Subagency,ARCE - U.S. ARMY CORPS OF ENGINEERS,34026,858,32,0
Subagency,ARCH - US ARMY CIVILIAN HUMAN RESOURCES AGENCY,3323,116,1,0
Subagency,ARCS - IMMEDIATE OFFICE OF THE CHIEF OF STAFF OF THE ARMY,780,244,18,0
Subagency,ARE1 - IMMEDIATE OFFICE OF THE COMMANDER-IN-CHIEF OF THE U.S. ARMY EUROPE AND SEVENTH ARMY,738,112,2,0
Subagency,ARE2 - 21ST THEATER SUSTAINMENT COMMAND (TSC),339,22,0,0
Subagency,ARE3 - UNITED STATES ARMY EUROPE AND AFRICA,178,32,0,0
Subagency,ARE5 - U.S. ARMY V CORPS,45,9,0,0
Subagency,AREN - SEVENTH ARMY TRAINING COMMAND,267,23,0,0
Subagency,ARFC - U.S. ARMY FORCES COMMAND,2085,159,1,0
Subagency,ARGB - OFFICE OF THE CHIEF OF THE NATIONAL GUARD BUREAU,638,38,1,0
Subagency,ARHC - US ARMY HUMAN RESOURCES COMMAND (DRU),1219,30,0,0
Subagency,ARHR - U.S. ARMY RESERVE COMMAND,7335,657,0,0
Subagency,ARJ1 - U.S. ARMY ELEMENT SHAPE,118,44,5,0
Subagency,ARJA - JOINT ACTIVITIES,1650,898,9,0
Subagency,ARJC - ,16,2,0,0
Subagency,ARMA - U.S. MILITARY ACADEMY,429,286,0,0
Subagency,ARMC - U.S. ARMY MEDICAL COMMAND,2830,75,1,0
Subagency,ARMW - U.S. ARMY MILITARY DISTRICT OF WASHINGTON,278,22,0,0
Subagency,ARNG - ARMY NATIONAL GUARD UNITS,357,24007,0,0
Subagency,"ARP1 - U.S. ARMY, PACIFIC",1284,71,1,0
Subagency,ARPS - MILITARY POSTAL SERVICE AGENCY,15,0,0,0
Subagency,ARSA - OFFICE OF THE SECRETARY OF THE ARMY,737,67,48,0
Subagency,ARSB - FIELD OPERATING OFFICES OF THE OFFICE OF THE SECRETARY OF THE ARMY,995,34,5,0
Subagency,ARSC - U. S. ARMY SPACE AND MISSILE DEFENSE COMMAND/U. S. ARMY FORCES STRATEGIC COMMAND,544,60,2,0
Subagency,ARSE - HQDA FIELD OPERATING AGENCIES AND STAFF SUPPORT AGENCIES AND STAFF SUPPORT AGENCIES,972,128,4,0
Subagency,"ARSJ - JOINT SERVICES AND ACTIVITIES SUPPORTED BY THE OFFICE, SECRETARY OF THE ARMY",32,52,0,0
Subagency,ARSO - U.S. ARMY SOUTH,160,12,0,0
Subagency,ARSP - U.S. SPECIAL OPERATIONS COMMAND (ARMY),1487,242,1,0
Subagency,ARTA - U.S. ARMY RECRUITING COMMAND AND U.S. ARMY CADET COMMAND,2187,35,0,0
Subagency,ARTC - U.S. ARMY TRAINING AND DOCTRINE COMMAND,6803,2644,11,0
Subagency,ARTW - U.S. ARMY WAR COLLEGE,199,101,0,0
Subagency,"ARX2 - HEADQUARTERS, AMC",500,35,9,0
Subagency,ARX6 - U.S. ARMY AVIATION AND MISSILE COMMAND,5954,178,4,0
Subagency,ARX7 - U.S. ARMY TANK-AUTOMOTIVE AND ARMAMENT COMMAND (TACOM),8839,168,2,0
Subagency,ARX8 - U.S. ARMY COMMUNICATIONS ELECTRONICS COMMAND,4878,109,3,0
Subagency,ARX9 - UNITED STATES ARMY MEDICAL LOGISTICS COMMAND,190,10,0,0
Subagency,ARXA - UNITED STATES ARMY INSTALLATION MANAGEMENT COMMAND,19547,755,6,0
Subagency,ARXB - U.S. ARMY CHEMICAL MATERIALS ACTIVITY,191,1,0,0
Subagency,ARXC - U.S. ARMY SUSTAINMENT COMMAND,3454,133,2,0
Subagency,ARXD - U. S. ARMY CONTRACTING COMMAND,4454,57,7,0
Subagency,ARXF - UNITED STATES ARMY FINANCIAL MANAGEMENT COMMAND,874,1,0,0
Subagency,ARXG - UNITED STATES ARMY PRINT AND MEDIA DISTRIBUTION CENTER,47,0,0,0
Subagency,ARXK - MATERIEL ACQUISITION ACTIVITIES,53,2,0,0
Subagency,ARXP - U.S. ARMY SECURITY ASSISTANCE COMMAND,418,8,0,0
Subagency,ARXQ - U.S. ARMY JOINT MUNITIONS COMMAND,4557,23,0,0
Subagency,ARXT - U.S. ARMY MILITARY SURFACE DEPLOYMENT AND DISTRIBUTION COMMAND,1125,24,2,0
Subagency,ARXX - MATERIEL READINESS ACTIVITIES,139,3,0,0
Subagency,AU00 - FEDERAL LABOR RELATIONS AUTHORITY,22,49,8,0
Subagency,AW00 - ARCTIC RESEARCH COMMISSION,1,0,1,0
Subagency,BD00 - MERIT SYSTEMS PROTECTION BOARD,50,100,9,0
Subagency,BF00 - DEFENSE NUCLEAR FACILITIES SAFETY BOARD,26,66,6,0
Subagency,BG00 - PENSION BENEFIT GUARANTY CORPORATION,703,101,0,0
Subagency,BH00 - COMMISSION FOR THE PRESERVATION OF AMERICA'S HERITAGE ABROAD,1,17,0,0
Subagency,BK00 - JAMES MADISON MEMORIAL FELLOWSHIP FOUNDATION,0,5,0,0
Subagency,BO00 - OFFICE OF MANAGEMENT AND BUDGET,387,62,69,0
Subagency,BT00 - ARCHITECTURAL AND TRANSPORTATION BARRIERS COMPLIANCE BOARD,16,17,1,0
Subagency,BW00 - NUCLEAR WASTE TECHNICAL REVIEW BOARD,4,8,0,0
Subagency,CC00 - COMMISSION ON CIVIL RIGHTS,34,16,0,0
Subagency,CE00 - COUNCIL OF ECONOMIC ADVISERS,2,19,1,0
Subagency,CF00 - COMMISSION OF FINE ARTS,7,0,1,0
Subagency,CM51 - OFFICE OF THE SECRETARY,556,299,43,0
Subagency,CM52 - ECONOMIC DEVELOPMENT ADMINISTRATION,150,30,5,0
Subagency,CM53 - BUREAU OF ECONOMIC ANALYSIS,362,5,15,0
Subagency,CM54 - NATIONAL OCEANIC AND ATMOSPHERIC ADMINISTRATION,9144,680,91,0
Subagency,CM55 - INTERNATIONAL TRADE ADMINISTRATION,834,267,24,0
Subagency,CM56 - PATENT AND TRADEMARK OFFICE,11970,1349,84,0
Subagency,CM57 - NATIONAL INSTITUTE OF STANDARDS AND TECHNOLOGY,3041,148,28,0
Subagency,CM59 - MINORITY BUSINESS DEVELOPMENT AGENCY,19,5,0,0
Subagency,CM61 - NATIONAL TELECOMMUNICATIONS AND INFORMATION ADMINISTRATION,390,138,18,0
Subagency,CM63 - U.S. CENSUS BUREAU,4470,6733,33,0
Subagency,CM64 - OFFICE OF THE INSPECTOR GENERAL,188,8,5,0
Subagency,CM67 - BUREAU OF INDUSTRY AND SECURITY,410,15,8,0
Subagency,CT00 - COMMODITY FUTURES TRADING COMMISSION,347,196,0,0
Subagency,CU00 - NATIONAL CREDIT UNION ADMINISTRATION,877,61,0,0
Subagency,CX00 - NATIONAL COMMISSION ON LIBRARIES AND INFORMATION SCIENCE,0,17,0,0
Subagency,DA00 - DELTA REGIONAL AUTHORITY,0,1,0,0
Subagency,DB00 - PUBLIC INTEREST DECLASSIFICATION BOARD,0,9,0,0
Subagency,DD01 - OFFICE OF THE SECRETARY OF DEFENSE,1371,739,197,0
Subagency,DD02 - ORGANIZATION OF THE JOINT CHIEFS OF STAFF,708,52,11,0
Subagency,DD04 - DEFENSE INFORMATION SYSTEMS AGENCY,2320,3781,18,0
Subagency,DD06 - DEFENSE SECURITY COOPERATION AGENCY,768,283,2,2
Subagency,DD07 - DEFENSE LOGISTICS AGENCY,22609,265,17,0
Subagency,DD08 - U.S. COURT OF APPEALS FOR THE ARMED FORCES,10,40,2,0
Subagency,DD10 - DEFENSE CONTRACT AUDIT AGENCY,3161,11,13,0
Subagency,DD12 - DEFENSE COUNTERINTELLIGENCE AND SECURITY AGENCY,0,5067,0,0
Subagency,DD13 - DEFENSE ADVANCED RESEARCH PROJECTS AGENCY,100,122,2,0
Subagency,DD15 - UNIFORMED SERVICES UNIVERSITY OF THE HEALTH SCIENCES,391,292,0,0
Subagency,DD16 - DEPARTMENT OF DEFENSE EDUCATION ACTIVITY,1546,12848,5,0
Subagency,DD21 - WASHINGTON HEADQUARTERS SERVICES,1319,100,17,2
Subagency,DD23 - OFFICE OF ECONOMIC ADJUSTMENT,44,1,1,0
Subagency,DD25 - DEFENSE LEGAL SERVICES AGENCY,65,172,4,0
Subagency,DD26 - OFFICE OF THE INSPECTOR GENERAL,1180,388,22,0
Subagency,DD27 - MISSILE DEFENSE AGENCY,2428,90,15,0
Subagency,DD29 - DEFENSE TECHNOLOGY SECURITY ADMINISTRATION,116,3,1,0
Subagency,DD34 - DEFENSE COMMISSARY AGENCY,9639,270,2,0
Subagency,DD35 - DEFENSE FINANCE AND ACCOUNTING SERVICE,9363,51,16,0
Subagency,DD48 - DEFENSE HUMAN RESOURCES ACTIVITY,986,23,7,0
Subagency,DD53 - DEFENSE POW/MIA ACCOUNTING AGENCY,286,7,2,0
Subagency,DD60 - DEFENSE HEALTH AGENCY,5325,279,8,0
Subagency,DD61 - DEFENSE THREAT REDUCTION AGENCY,1019,61,10,0
Subagency,DD63 - DEFENSE CONTRACT MANAGEMENT AGENCY,8713,135,9,0
Subagency,DD65 - PENTAGON FORCE PROTECTION AGENCY,1068,9,3,0
Subagency,DD68 - DEPARTMENT OF DEFENSE TEST RESOURCE MANAGEMENT CENTER,19,0,1,0
Subagency,DD69 - NATIONAL DEFENSE UNIVERSITY,164,224,0,0
Subagency,DD71 - DEFENSE MICROELECTRONICS ACTIVITY,176,14,0,0
Subagency,DD74 - DEFENSE TECHNICAL INFORMATION CENTER,79,0,0,0
Subagency,DD80 - DEFENSE MEDIA ACTIVITY,398,4,0,0
Subagency,DD81 - DEFENSE ACQUISITION UNIVERSITY,133,439,1,0
Subagency,DD82 - NATIONAL RECONNAISSANCE OFFICE,0,1074,0,0
Subagency,DD83 - MILITARY TREATMENT FACILITIES UNDER DHA,41102,226,0,0
Subagency,DG00 - NORTHERN BORDER REGIONAL COMMISSION,2,0,0,0
Subagency,"DJ01 - OFFICES, BOARDS AND DIVISIONS",2219,2978,174,0
Subagency,DJ02 - FEDERAL BUREAU OF INVESTIGATION,2,34812,272,3
Subagency,DJ03 - BUREAU OF PRISONS/FEDERAL PRISON SYSTEM,32804,791,55,0
Subagency,DJ06 - DRUG ENFORCEMENT ADMINISTRATION,7010,1293,71,0
Subagency,DJ07 - OFFICE OF JUSTICE PROGRAMS,597,50,15,0
Subagency,DJ08 - U.S. MARSHALS SERVICE,4490,882,11,0
Subagency,DJ09 - EXECUTIVE OFFICE FOR U.S. ATTORNEYS AND THE OFFICES OF THE U.S. ATTORNEYS,4474,5613,7,0
Subagency,DJ10 - OFFICE OF THE INSPECTOR GENERAL,441,33,11,0
Subagency,DJ11 - U.S. TRUSTEE PROGRAM,66,627,3,0
Subagency,DJ12 - EXECUTIVE OFFICE FOR IMMIGRATION REVIEW,1225,893,9,0
Subagency,"DJ15 - BUREAU OF ALCOHOL, TOBACCO, FIREARMS, AND EXPLOSIVES",4003,539,42,0
Subagency,DLAA - OFFICE OF THE SECRETARY OF LABOR,90,139,4,0
Subagency,DLAM - OFFICE OF THE ASSISTANT SECRETARY FOR ADMINISTRATION AND MANAGEMENT,884,26,12,0
Subagency,DLBL - BUREAU OF INTERNATIONAL LABOR AFFAIRS,87,5,5,0
Subagency,DLCA - OFFICE OF CONGRESSIONAL AND INTERGOVERNMENTAL AFFAIRS,2,15,1,0
Subagency,DLCF - OFFICE OF THE CHIEF FINANCIAL OFFICER,75,4,2,0
Subagency,DLEH - OFFICE OF DISABILITY EMPLOYMENT POLICY,39,7,1,0
Subagency,DLET - EMPLOYMENT AND TRAINING ADMINISTRATION,840,23,16,0
Subagency,DLIG - OFFICE OF THE INSPECTOR GENERAL,243,6,4,0
Subagency,DLLS - BUREAU OF LABOR STATISTICS,1845,2,16,0
Subagency,DLMS - MINE SAFETY AND HEALTH ADMINISTRATION,1388,7,7,0
Subagency,DLOF - OFFICE OF FEDERAL CONTRACT COMPLIANCE PROGRAMS,76,1,3,0
Subagency,DLOL - OFFICE OF LABOR-MANAGEMENT STANDARDS,156,3,7,0
Subagency,DLOW - OFFICE OF WORKERS' COMPENSATION PROGRAMS,1060,14,7,0
Subagency,DLPA - OFFICE OF PUBLIC AFFAIRS,22,9,1,0
Subagency,DLPE - OFFICE OF THE ASSISTANT SECRETARY FOR POLICY,30,14,5,0
Subagency,DLPW - EMPLOYEE BENEFITS SECURITY ADMINISTRATION,572,14,11,0
Subagency,DLSH - OCCUPATIONAL SAFETY AND HEALTH ADMINISTRATION,1486,15,12,0
Subagency,DLSL - OFFICE OF THE SOLICITOR,84,352,15,0
Subagency,DLVE - VETERANS EMPLOYMENT AND TRAINING SERVICES,162,1,3,0
Subagency,DLWB - WOMEN'S BUREAU,20,1,0,0
Subagency,DLWH - WAGE AND HOUR DIVISION,1216,14,9,0
Subagency,DN00 - DEPARTMENT OF ENERGY,10177,1614,320,2
Subagency,DNFE - FEDERAL ENERGY REGULATORY COMMISSION,1054,279,41,0
Subagency,DO00 - OFFICE OF THE CYBER DIRECTOR,11,23,0,0
Subagency,DQ00 - DENALI COMMISSION,0,12,0,0
Subagency,EB00 - EXPORT-IMPORT BANK OF THE UNITED STATES,277,48,0,0
Subagency,EC00 - OFFICE OF ADMINISTRATION,181,71,0,0
Subagency,EDEA - IMMEDIATE OFFICE OF THE SECRETARY OF EDUCATION,16,32,7,0
Subagency,EDEB - OFFICE OF THE DUTY SECRETARY OF EDUCATION,22,4,1,0
Subagency,EDEC - OFFICE FOR CIVIL RIGHTS,92,256,3,0
Subagency,"EDED - OFFICE OF PLANNING, EVALUATION AND POLICY DEVELOPMENT",64,5,6,0
Subagency,EDEE - OFFICE OF THE UNDER SECRETARY,0,9,2,0
Subagency,EDEF - OFFICE OF INSPECTOR GENERAL,140,4,6,0
Subagency,EDEG - OFFICE OF THE GENERAL COUNSEL,5,24,4,0
Subagency,EDEH - OFFICE OF SPECIAL EDUCATION AND REHABILITATIVE SERVICES,111,11,2,0
Subagency,EDEI - OFFICE OF THE CHIEF INFORMATION OFFICER,30,0,4,0
Subagency,EDEJ - OFFICE OF LEGISLATION AND CONGRESSIONAL AFFAIRS,9,8,1,0
Subagency,EDEK - OFFICE OF FINANCE AND OPERATIONS,264,13,8,0
Subagency,EDEN - FEDERAL STUDENT AID,387,350,4,0
Subagency,EDEO - OFFICE OF COMMUNICATIONS AND OUTREACH,16,7,1,0
Subagency,EDEP - OFFICE OF POSTSECONDARY EDUCATION,93,24,4,0
Subagency,EDER - INSTITUTE OF EDUCATION SCIENCES,25,2,1,0
Subagency,EDES - OFFICE OF ELEMENTARY AND SECONDARY EDUCATION,153,18,4,0
Subagency,"EDEV - OFFICE OF CAREER, TECHNICAL, AND ADULT EDUCATION",25,2,1,0
Subagency,EDEZ - NATIONAL ASSESSMENT GOVERNING BOARD,4,25,0,0
Subagency,EE00 - EQUAL EMPLOYMENT OPPORTUNITY COMMISSION,1338,371,33,0
Subagency,EO00 - MORRIS K. UDALL AND STEWART L. UDALL FOUNDATION,0,30,0,0
Subagency,EP00 - ENVIRONMENTAL PROTECTION AGENCY,11209,1408,232,0
Subagency,EQ00 - COUNCIL ON ENVIRONMENTAL QUALITY/OFFICE OF ENVIRONMENTAL QUALITY,2,20,0,0
Subagency,EW00 - TRADE AND DEVELOPMENT AGENCY,41,8,1,0
Subagency,FC00 - FEDERAL COMMUNICATIONS COMMISSION,690,491,31,0
Subagency,FD00 - FEDERAL DEPOSIT INSURANCE CORPORATION,4731,434,0,0
Subagency,FI00 - FEDERAL FINANCIAL INSTITUTIONS EXAMINATION COUNCIL,9,4,0,0
Subagency,FJ00 - CHEMICAL SAFETY AND HAZARD INVESTIGATION BOARD,39,3,1,0
Subagency,FK00 - FARM CREDIT SYSTEM INSURANCE CORPORATION,8,2,0,0
Subagency,FL00 - FARM CREDIT ADMINISTRATION,264,37,0,0
Subagency,FM00 - FEDERAL MEDIATION AND CONCILIATION SERVICE,25,65,0,0
Subagency,FQ01 - OFFICE OF THE DIRECTOR,582,11,9,0
Subagency,FQ02 - PRETRIAL SERVICES AGENCY,319,1,4,0
Subagency,FRFT - BUREAU OF CONSUMER FINANCIAL PROTECTION,983,231,0,0
Subagency,FT00 - FEDERAL TRADE COMMISSION,378,594,35,0
Subagency,FW00 - OFFICE OF SPECIAL COUNSEL,22,90,3,0
Subagency,GB00 - DEVELOPMENT FINANCE CORPORATION,446,79,0,0
Subagency,GC00 - GULF COAST ECOSYSTEM RESTORATION COUNCIL,20,1,1,0
Subagency,GE00 - BARRY GOLDWATER SCHOLARSHIP AND EXCELLENCE IN EDUCATION FOUNDATION,0,1,1,0
Subagency,GG00 - OFFICE OF GOVERNMENT ETHICS,43,17,1,0
Subagency,GJ00 - PRESIDIO TRUST,0,316,0,0
Subagency,GQ00 - ELECTION ASSISTANCE COMMISSION,0,68,0,0
Subagency,GS01 - IMMEDIATE OFFICE OF THE ADMINISTRATOR,7,17,3,0
Subagency,GS02 - OFFICE OF ADMINISTRATIVE SERVICES,60,3,1,0
Subagency,GS03 - PUBLIC BUILDINGS SERVICE,3220,8,14,0
Subagency,GS04 - OFFICE OF CIVIL RIGHTS,11,1,1,0
Subagency,GS10 - OFFICE OF SMALL BUSINESS UTILIZATION,30,0,1,0
Subagency,GS11 - OFFICE OF THE CHIEF FINANCIAL OFFICER,485,4,4,0
Subagency,GS12 - OFFICE OF GENERAL COUNSEL,18,93,5,0
Subagency,GS13 - CIVILIAN BOARD OF CONTRACT APPEALS,11,17,0,0
Subagency,GS14 - OFFICE OF THE HUMAN RESOURCES MANAGEMENT,204,5,2,0
Subagency,GS15 - OFFICE OF INSPECTOR GENERAL,221,7,8,0
Subagency,GS20 - OFFICE OF CONGRESSIONAL AND INTERGOVERNMENTAL AFFAIRS,18,1,1,0
Subagency,GS22 - OFFICES OF THE REGIONAL ADMINISTRATORS,0,16,0,0
Subagency,GS26 - OFFICE OF GOVERNMENTWIDE POLICY,182,3,7,0
Subagency,GS28 - OFFICE OF GSA IT,284,3,5,0
Subagency,GS30 - FEDERAL ACQUISITION SERVICE,3211,98,15,0
Subagency,GS31 - OFFICE OF MISSION ASSURANCE,81,1,1,0
Subagency,GS32 - OFFICE OF STRATEGIC COMMUNICATION,56,2,1,0
Subagency,GU00 - THE US SEMIQUINCENTENNIAL COMMISSION,0,8,0,0
Subagency,"GW00 - INTERNATIONAL BOUNDARY AND WATER COMMISSION, U.S. SECTION",241,9,0,0
Subagency,GX00 - INTERNATIONAL BOUNDARY COMMISSION:  UNITED STATES AND CANADA,5,2,0,0
Subagency,GY00 - INTERNATIONAL JOINT COMMISSION:  UNITED STATES AND CANADA,11,5,0,0
Subagency,HB01 - OFFICE OF THE COMMITTEE FOR PURCHASE FROM PEOPLE WHO A RE BLIND OR SEVERELY DISABLED,20,5,1,0
Subagency,HB02 - OFFICE OF INSPECTOR GENERAL,1,7,0,0
Subagency,HD00 - U.S. HOLOCAUST MEMORIAL MUSEUM,91,3,0,0
Subagency,HE10 - OFFICE OF THE SECRETARY OF HEALTH AND HUMAN SERVICES,1721,703,119,42
Subagency,HE11 - PROGRAM SUPPORT CENTER,246,16,3,11
Subagency,HE12 - ADMINISTRATION FOR COMMUNITY LIVING,83,22,10,4
Subagency,HE13 - OFFICE OF INSPECTOR GENERAL,1230,85,22,5
Subagency,HE31 - OFFICE OF THE ASSISTANT SECRETARY FOR HEALTH,0,0,0,1
Subagency,HE32 - SUBSTANCE ABUSE AND MENTAL HEALTH SERVICES ADMINISTRATION,482,52,7,3
Subagency,HE33 - AGENCY FOR HEALTHCARE RESEARCH AND QUALITY,75,22,4,1
Subagency,HE34 - HEALTH RESOURCES AND SERVICES ADMINISTRATION,1606,64,21,22
Subagency,HE35 - AGENCY FOR TOXIC SUBSTANCES AND DISEASE REGISTRY,116,13,0,0
Subagency,HE36 - FOOD AND DRUG ADMINISTRATION,13718,2707,27,14
Subagency,HE37 - INDIAN HEALTH SERVICE,10182,2327,28,169
Subagency,HE38 - NATIONAL INSTITUTES OF HEALTH,12465,4395,43,0
Subagency,HE39 - CENTERS FOR DISEASE CONTROL AND PREVENTION,8338,1101,25,5
Subagency,HE50 - OFFICE OF MEDICARE HEARINGS AND APPEALS,297,218,2,2
Subagency,HE60 - ADMINISTRATION FOR STRATEGIC PREPAREDNESS AND RESPONSE,617,3972,17,8
Subagency,HE70 - CENTERS FOR MEDICARE & MEDICAID SERVICES,5227,183,75,35
Subagency,HE90 - ADMINISTRATION FOR CHILDREN AND FAMILIES,1424,76,23,17
Subagency,HFHA - FEDERAL HOUSING FINANCE AGENCY,473,42,0,0
Subagency,HFHI - OFFICE OF INSPECTOR GENERAL,81,18,0,0
Subagency,HP00 - ADVISORY COUNCIL ON HISTORIC PRESERVATION,0,34,1,0
Subagency,HSAA - DHS HEADQUARTERS,2994,1128,111,0
Subagency,HSAB - CITIZENSHIP AND IMMIGRATION SERVICES,19207,631,58,0
Subagency,HSAC - U.S. COAST GUARD,8286,575,20,1
Subagency,HSAD - U.S. SECRET SERVICE,5939,2231,48,0
Subagency,HSAE - OFFICE OF THE INSPECTOR GENERAL,622,41,17,0
Subagency,HSBB - IMMIGRATION AND CUSTOMS ENFORCEMENT,27114,3253,94,0
Subagency,HSBC - TRANSPORTATION SECURITY ADMINISTRATION,0,62607,0,0
Subagency,HSBD - CUSTOMS AND BORDER PROTECTION,65547,1785,130,0
Subagency,HSBE - FEDERAL LAW ENFORCEMENT TRAINING CENTERS,1139,250,10,0
Subagency,HSCA - CYBERSECURITY AND INFRASTRUCTURE SECURITY AGENCY,2088,203,25,1
Subagency,HSCB - FEDERAL EMERGENCY MANAGEMENT AGENCY,3886,17748,62,0
Subagency,HSDA - DOMESTIC NUCLEAR DETECTION OFFICE,136,6,3,0
Subagency,HSFA - SCIENCE AND TECHNOLOGY DIRECTORATE,368,25,11,0
Subagency,HT00 - HARRY S. TRUMAN SCHOLARSHIP FOUNDATION,2,2,1,0
Subagency,HU** - ,242,49,20,0
Subagency,HUAA - OFFICE OF THE SECRETARY OF HOUSING AND URBAN DEVELOPMENT,404,24,5,0
Subagency,HUBB - OFFICE OF THE CHIEF HUMAN CAPITAL OFFICER,1236,49,11,0
Subagency,HUCC - OFFICE OF GENERAL COUNSEL,1809,169,13,0
Subagency,HUDD - ASSISTANT SECRETARY FOR COMMUNITY PLANNING AND DEVELOPMENT,372,59,8,0
Subagency,HUEE - ASSISTANT SECRETARY FOR FAIR HOUSING AND EQUAL OPPORTUNITY,478,7,6,0
Subagency,HUFF - OFFICE OF THE CHIEF FINANCIAL OFFICER,277,5,4,0
Subagency,HUGG - OFFICE OF INSPECTOR GENERAL,511,39,8,0
Subagency,HUII - OFFICE OF DEPARTMENTAL OPERATIONS AND COORDINATION,43,7,0,0
Subagency,HUJJ - ASSISTANT SECRETARY FOR CONGRESSIONAL AND INTERGOVERNMENTAL RELATIONS,36,7,4,0
Subagency,HUKK - OFFICE OF FIELD POLICY AND MANAGEMENT,61,0,0,0
Subagency,HULL - OFFICE OF HEALTHY HOMES AND LEAD HAZARD CONTROL,20,1,0,0
Subagency,HUMM - ASSISTANT SECRETARY FOR HOUSING--FEDERAL HOUSING COMMISSIONER,14,0,0,0
Subagency,HUTT - GOVERNMENT NATIONAL MORTGAGE ASSOCIATION (GINNIE MAE),0,1,0,0
Subagency,HW00 - U.S. INTERAGENCY COUNCIL ON HOMELESSNESS,0,10,0,0
Subagency,IB00 - U.S. AGENCY FOR GLOBAL MEDIA,718,86,10,0
Subagency,IF00 - INTER-AMERICAN FOUNDATION,21,3,0,0
Subagency,IG00 - COUNCIL OF THE INSPECTORS GENERAL ON INTEGRITY AND EFFICIENCY,7,17,1,0
Subagency,IN01 - OFFICE OF THE SECRETARY OF THE INTERIOR,6241,414,62,0
Subagency,IN05 - BUREAU OF LAND MANAGEMENT,7267,208,18,0
Subagency,IN06 - INDIAN AFFAIRS,2766,369,16,0
Subagency,IN07 - BUREAU OF RECLAMATION,3501,119,6,0
Subagency,IN08 - GEOLOGICAL SURVEY,5568,410,5,0
Subagency,IN10 - NATIONAL PARK SERVICE,13636,665,18,0
Subagency,IN15 - U.S. FISH AND WILDLIFE SERVICE,6267,219,15,0
Subagency,IN21 - OFFICE OF THE SOLICITOR,77,318,22,0
Subagency,"IN22 - OFFICE OF SURFACE MINING, RECLAMATION AND ENFORCEMENT",219,1,3,0
Subagency,IN24 - OFFICE OF THE INSPECTOR GENERAL,205,19,9,0
Subagency,IN26 - BUREAU OF SAFETY AND ENVIRONMENTAL ENFORCEMENT,534,3,2,0
Subagency,IN27 - BUREAU OF OCEAN ENERGY MANAGEMENT,458,3,5,0
Subagency,IN28 - BUREAU OF INDIAN EDUCATION,404,2404,10,0
Subagency,IN29 - BUREAU OF TRUST FUNDS ADMINISTRATION,278,9,4,0
Subagency,JL03 - U.S. TAX COURT,0,167,0,0
Subagency,KS00 - CORPORATION FOR NATIONAL AND COMMUNITY SERVICE,5,402,0,0
Subagency,KY00 - PUBLIC BUILDINGS REFORM BOARD,0,7,0,0
Subagency,LF00 - FEDERAL ELECTION COMMISSION,2,247,0,0
Subagency,LP00 - GOVERNMENT PUBLISHING OFFICE,1534,86,0,0
Subagency,MA00 - MARINE MAMMAL COMMISSION,10,14,0,0
Subagency,MC00 - FEDERAL MARITIME COMMISSION,71,30,6,0
Subagency,MI00 - MILLENNIUM CHALLENGE CORPORATION,185,47,0,0
Subagency,NF00 - NATIONAL SCIENCE FOUNDATION,654,441,58,0
Subagency,NK00 - NATIONAL COUNCIL ON DISABILITY,6,12,0,0
Subagency,NL00 - NATIONAL LABOR RELATIONS BOARD,522,496,52,0
Subagency,NM00 - NATIONAL MEDIATION BOARD,24,10,1,0
Subagency,"NN10 - HEADQUARTERS, NASA",1362,92,122,0
Subagency,NN21 - AMES RESEARCH CENTER,958,41,14,0
Subagency,NN22 - JOHN GLENN RESEARCH CENTER AT LEWIS FIELD,1100,23,15,0
Subagency,NN23 - LANGLEY RESEARCH CENTER,1277,38,16,0
Subagency,NN24 - NEIL A. ARMSTRONG FLIGHT RESEARCH CENTER,387,8,7,0
Subagency,NN51 - GODDARD SPACE FLIGHT CENTER,2012,22,24,0
Subagency,NN62 - GEORGE C. MARSHALL SPACE FLIGHT CENTER,1789,59,32,0
Subagency,NN64 - JOHN C. STENNIS SPACE CENTER,184,10,6,0
Subagency,NN72 - LYNDON B. JOHNSON SPACE CENTER,2512,83,48,0
Subagency,NN76 - JOHN F. KENNEDY SPACE CENTER,1594,49,30,0
Subagency,NP00 - NATIONAL CAPITAL PLANNING COMMISSION,25,3,1,0
Subagency,NQ00 - NATIONAL ARCHIVES AND RECORDS ADMINISTRATION,2339,53,16,0
Subagency,NS00 - NATIONAL SECURITY COUNCIL,0,27,0,0
Subagency,NU00 - NUCLEAR REGULATORY COMMISSION,0,2431,78,0
Subagency,NV11 - IMMEDIATE OFFICE OF THE CHIEF OF NAVAL OPERATIONS,1692,245,27,0
Subagency,"NV12 - DIRECTORATE FOR ADMINISTRATIONS, LOGISTICS, AND OPERATIONS (DALO)",2199,2527,60,0
Subagency,NV14 - OFFICE OF NAVAL RESEARCH,2532,85,25,0
Subagency,NV15 - NAVAL INTELLIGENCE ACTIVITY,0,1464,0,0
Subagency,NV18 - NAVAL MEDICAL COMMAND,1793,62,1,0
Subagency,NV19 - NAVAL AIR SYSTEMS COMMAND,26680,146,31,0
Subagency,NV22 - BUREAU OF NAVAL PERSONNEL,2657,1208,1,0
Subagency,NV23 - NAVAL SUPPLY SYSTEMS COMMAND,6019,181,4,0
Subagency,NV24 - NAVAL SEA SYSTEMS COMMAND,33242,268,43,0
Subagency,NV25 - NAVAL FACILITIES ENGINEERING COMMAND,15486,176,7,0
Subagency,NV27 - U.S. MARINE CORPS,14650,1802,19,0
Subagency,NV30 - STRATEGIC SYSTEMS PROGRAMS (SSP),1652,31,8,0
Subagency,"NV39 - COMMANDER, NAVAL INFORMATION WARFARE SYSTEMS COMMAND (NAVWARSYSCOM)",9545,68,13,0
Subagency,NV41 - NAVY SYSTEMS MANAGEMENT ACTIVITY,2,1207,3,0
Subagency,"NV52 - COMMANDER, NAVY INSTALLATIONS COMMAND",10442,385,5,0
Subagency,NV60 - UNITED STATES FLEET FORCES COMMAND,25311,7880,18,0
Subagency,"NV70 - U.S. PACIFIC FLEET, COMMANDER IN CHIEF",24905,169,7,0
Subagency,NV72 - NAVY RESERVE FORCE,344,49,0,0
Subagency,NV74 - NAVAL SPECIAL WARFARE COMMAND,1061,50,0,0
Subagency,NV76 - NAVAL EDUCATION AND TRAINING COMMAND,3660,69,0,0
Subagency,OM00 - OFFICE OF PERSONNEL MANAGEMENT,1846,97,53,0
Subagency,OS00 - OCCUPATIONAL SAFETY AND HEALTH REVIEW COMMISSION,17,23,3,0
Subagency,PU00 - PEACE CORPS,0,666,0,0
Subagency,QQ00 - OFFICE OF NATIONAL DRUG CONTROL POLICY,24,23,9,0
Subagency,RF00 - FEDERAL RETIREMENT THRIFT INVESTMENT BOARD,203,25,10,0
Subagency,RH00 - ARMED FORCES RETIREMENT HOME,270,8,1,0
Subagency,RJ00 - CIVIL RIGHTS COLD CASE REVIEW BOARD (CRCCRB),0,10,0,0
Subagency,RO00 - MEDICAID AND CHIP PAYMENT AND ACCESS COMMISSION,0,50,0,0
Subagency,RR00 - RAILROAD RETIREMENT BOARD,674,16,9,0
Subagency,RS00 - FEDERAL MINE SAFETY AND HEALTH REVIEW COMMISSION,22,24,1,0
Subagency,SB00 - SMALL BUSINESS ADMINISTRATION,3322,2056,40,0
Subagency,SE00 - SECURITIES AND EXCHANGE COMMISSION,2220,1758,0,0
Subagency,SK00 - CONSUMER PRODUCT SAFETY COMMISSION,383,40,15,0
Subagency,SM01 - NATIONAL GALLERY OF ART,593,20,0,0
Subagency,SM03 - SMITHSONIAN INSTITUTION (EXCEPT UNITS ADMINISTERED UNDER SEPARATE BOARDS OF TRUSTEES),3348,108,0,0
Subagency,SM04 - JOHN F. KENNEDY CENTER FOR THE PERFORMING ARTS,50,1,0,0
Subagency,SS00 - SELECTIVE SERVICE SYSTEM,95,47,1,0
Subagency,ST00 - DEPARTMENT OF STATE,9725,1677,184,0
Subagency,SZ00 - SOCIAL SECURITY ADMINISTRATION,46702,3094,84,0
Subagency,TB00 - NATIONAL TRANSPORTATION SAFETY BOARD,366,25,17,0
Subagency,TC00 - U.S. INTERNATIONAL TRADE COMMISSION,262,128,11,0
Subagency,TD01 - OFFICE OF THE SECRETARY OF TRANSPORTATION,1323,131,74,0
Subagency,TD03 - FEDERAL AVIATION ADMINISTRATION,0,44648,0,0
Subagency,TD04 - FEDERAL HIGHWAY ADMINISTRATION,1913,75,41,0
Subagency,TD05 - FEDERAL RAILROAD ADMINISTRATION,923,44,15,0
Subagency,TD06 - GREAT LAKES SAINT LAWRENCE SEAWAY DEVELOPMENT CORPORATION,106,7,3,0
Subagency,TD09 - FEDERAL TRANSIT ADMINISTRATION,462,29,19,0
Subagency,TD10 - NATIONAL HIGHWAY TRAFFIC SAFETY ADMINISTRATION,502,35,17,0
Subagency,TD12 - OFFICE OF INSPECTOR GENERAL,305,11,7,0
Subagency,TD13 - MARITIME ADMINISTRATION,550,169,13,0
Subagency,TD16 - PIPELINE AND HAZARDOUS MATERIALS SAFETY ADMINISTRATION,511,41,6,0
Subagency,TD17 - FEDERAL MOTOR CARRIER SAFETY ADMINISTRATION,968,47,14,0
Subagency,TN00 - OFFICE OF THE U.S. TRADE REPRESENTATIVE,137,64,20,0
Subagency,TR40 - ALCOHOL AND TOBACCO TAX AND TRADE BUREAU,392,27,8,0
Subagency,TR91 - DEPARTMENTAL OFFICES,2101,570,128,0
Subagency,TR93 - INTERNAL REVENUE SERVICE,72410,1722,182,0
Subagency,TR95 - OFFICE OF INSPECTOR GENERAL,150,2,3,0
Subagency,TRAD - U.S. MINT,1262,27,6,0
Subagency,TRAF - FINANCIAL CRIMES ENFORCEMENT NETWORK,211,13,6,0
Subagency,TRAI - BUREAU OF ENGRAVING AND PRINTING,1539,44,7,0
Subagency,TRAJ - OFFICE OF THE COMPTROLLER OF THE CURRENCY,742,1935,0,0
Subagency,TRFD - BUREAU OF THE FISCAL SERVICE,1986,47,21,0
Subagency,TRTG - OFFICE OF THE INSPECTOR GENERAL FOR TAX ADMINISTRATION,622,16,10,0
Subagency,TS00 - OFFICE OF SCIENCE AND TECHNOLOGY POLICY,8,16,1,0
Subagency,TW00 - SURFACE TRANSPORTATION BOARD,55,52,4,0
Subagency,UJ00 - JAPAN-UNITED STATES FRIENDSHIP COMMISSION,3,8,1,0
Subagency,UT00 - UTAH RECLAMATION MITIGATION AND CONSERVATION COMMISSION,0,11,0,0
Subagency,VAAA - OFFICE OF THE SECRETARY,836,69,34,0
Subagency,VAAD - BOARD OF VETERANS APPEALS,174,1126,3,0
Subagency,VAAE - GENERAL COUNSEL,204,451,8,0
Subagency,VAAF - INSPECTOR GENERAL,918,36,18,0
Subagency,VAAI - ELECTRONIC HEALTH RECORD MODERNIZATION,156,6,0,0
Subagency,VAAJ - OFFICE OF ACCOUNTABILITY AND WHISTLEBLOWER PROTECTION,101,10,1,0
Subagency,VABA - IMMEDIATE OFFICE OF THE ASSISTANT SECRETARY FOR HUMAN RESOURCES AND ADMINISTRATION,31,5,4,0
Subagency,VABC - CHIEF HUMAN CAPITAL OFFICER,200,16,2,0
Subagency,VABE - DEPUTY ASSISTANT SECRETARY FOR ADMINISTRATION,39,7,2,0
Subagency,VABG - DEPUTY ASSISTANT SECRETARY FOR CORPORATE SENIOR EXECUTIVE MANAGEMENT,22,0,1,0
Subagency,VABH - DEPUTY ASSISTANT SECRETARY FOR LABOR MANAGEMENT RELATIONS,8,0,1,0
Subagency,VABK - OFFICE OF ENTERPRISE OPERATIONS,18,0,1,0
Subagency,VADA - IMMEDIATE OFFICE OF THE ASSISTANT SECRETARY FOR MANAGEMENT,166,4,6,0
Subagency,VADC - DEPUTY ASSISTANT SECRETARY FOR BUDGET,28,0,3,0
Subagency,VADD - DEPUTY ASSISTANT SECRETARY FOR FINANCE,1380,104,5,0
Subagency,VADE - DEPUTY ASSISTANT SECRETARY FOR FMBTS,9,0,0,0
Subagency,"VADG - EXECUTIVE DIRECTOR, OFFICE OF ACQUISITION AND LOGISTICS",980,35,4,0
Subagency,VAEA - IMMEDIATE OFFICE OF THE ASSISTANT SECRETARY FOR INFORMATION AND TECHNOLOGY,2,0,6,0
Subagency,VAEB - DEPUTY ASSISTANT SECRETARY FOR INFORMATION AND TECHNOLOGY,6893,32,15,0
Subagency,"VAGA - IMMEDIATE OFFICE OF THE ASSISTANT SECRETARY FOR OPERATIONS, SECURITY, AND PREPAREDNESS",31,1,5,0
Subagency,VAGB - EXECUTIVE DIRECTOR FOR SECURITY AND LAW ENFORCEMENT,190,14,1,0
Subagency,VAGC - DEP ASST SEC FOR EMERGENCY MGT & RESILIENCE,6,1,2,0
Subagency,"VAGD - EXECUTIVE DIRECTOR FOR IDENTITY, CREDENTIAL, AND ACCESSMANAGEMENT",20,1,0,0
Subagency,VAHG - VET CUSTOMER EXPER (VCE),226,8,4,0
Subagency,VAJA - OFFICE OF THE ASSISTANT SECRETARY FOR PUBLIC AND INTERGOVERNMENTAL AFFAIRS,21,5,3,0
Subagency,VAJB - DEPUTY ASSISTANCE SECRETARY FOR INTERGOVERNMENTAL AFFAIRS,7,0,2,0
Subagency,VAJC - DEPUTY ASSISTANT SECRETARY FOR PUBLIC AFFAIRS,25,0,0,1
Subagency,VAKA - IMMEDIATE OFFICE OF THE ASSISTANT SECRETARY FOR CONGRESSIONAL AND LEGISLATIVE AFFAIRS,3,6,3,0
Subagency,VAKB - DEPUTY ASSISTANT SECRETARY FOR CONGRESSIONAL AFFAIRS,36,3,0,0
Subagency,VALA - VETERANS BENEFITS ADMINISTRATION,29144,1117,47,2
Subagency,VAPA - NATIONAL CEMETERY ADMINISTRATION,2017,78,13,0
Subagency,VATA - VETERANS HEALTH ADMINISTRATION,100854,300191,146,8
Subagency,VD00 - PRIVACY AND CIVIL LIBERTIES OVERSIGHT BOARD,0,28,0,0
Subagency,WK00 - FEDERAL PERMITTING IMPROVEMENT STEERING COUNCIL,13,5,1,0
Subagency,WU00 - SOUTHWEST BORDER REGIONAL COMMISSION,0,1,0,0
Subagency,ZP00 - U.S. COMMISSION ON INTERNATIONAL RELIGIOUS FREEDOM,0,24,0,0
Subagency,ZS00 - UNITED STATES-CHINA ECONOMIC AND SECURITY REVIEW COMMISSION,0,28,0,0